tc_customer_id,tc_loyalty_program_id,custom_data_product_differentiator,tc_min_created_at,tc_max_created_at,number_of_txns,partnership_id,selling_price_usd,cost_per_point_usd,transfer_ratio_desc,transfer_ratio,start_date,end_date
3,AFFLYINGBLUE,,2024-06-01 00:23:45.200869,2024-07-29 17:09:58.759802,201,51,0.01780000000000000000,0.01150000000000000000,,3.5000,2023-09-05,
3,AMCLUBPREMIER,,2024-06-23 21:43:10.415366,2024-06-24 18:53:32.39436,2,20,0.01970000000000000000,0.01280000000000000000,,3.5000,2024-01-01,
3,BAAVIOS,,2024-06-03 11:55:57.970957,2024-07-29 19:45:58.451945,101,18,0.01900000000000000000,0.01250000000000000000,,3.5000,2024-01-01,
3,ETHGUEST,,2024-07-02 00:33:35.359777,2024-07-16 03:37:24.86162,8,48,0.01850000000000000000,0.01200000000000000000,,3.5000,2023-09-05,
3,IBIBERIAPLUS,,2024-06-01 10:25:40.429054,2024-07-30 01:44:53.785077,309,74,0.01900000000000000000,0.01250000000000000000,,3.5000,2024-01-01,
3,IHGREWARDSCLUB,,2024-06-08 16:10:26.907137,2024-07-28 22:37:07.952715,17,59,0.01080000000000000000,0.00700000000000000000,,2.0000,2023-09-05,
3,UAMILEAGEPLUS,,2024-06-01 19:21:28.170828,2024-07-29 17:24:00.136128,238,42,0.02320000000000000000,0.01400000000000000000,,4.0000,2022-09-23,
5,AABIG,,2024-06-22 13:23:51,2024-06-22 14:20:00,2,6,0.00876625081649494142,0.00581853790486518124,,32.0000,2018-04-16,
5,ABFLIGGY,,2024-06-01 02:56:43,2024-07-30 04:17:21,706,536,0.00192967785268756572,0.00206751198502239184,,9.0000,2020-09-27,
5,ABFLIGGY,,2024-06-01 02:56:43,2024-07-30 04:17:21,706,536,0.00248101438202687021,0.00206751198502239184,,9.0000,2020-09-27,
5,ACAEROPLAN,,2024-06-01 02:43:48,2024-07-29 12:27:06,103,335,0.01378341323348261229,0.01085332455419969394,,50.0000,2019-02-25,
5,ACCORLECLUB,,2024-06-04 04:49:26,2024-07-29 17:39:51,38,318,0.02618848514361696336,0.01846992932535866973,,95.0000,2022-08-01,
5,AFFLYINGBLUE,,2024-06-01 02:56:15,2024-07-30 04:02:33,2162,108,0.01252912262923569457,0.01050000000000000000,,46.0000,2018-04-16,
5,AVLIFEMILES,,2024-06-01 01:10:42,2024-07-30 04:32:55,47,387,0.01516175455683087352,0.01250000000000000000,,55.0000,2019-07-01,
5,AYFINNAIRPLUS,,2024-06-01 17:27:13,2024-07-29 01:53:35,30,322,0.01516175455683087352,0.01000000000000000000,,55.0000,2024-05-01,
5,BAAVIOS,,2024-06-01 10:46:22,2024-07-29 14:57:44,129,119,0.01874544199753635272,0.01250000000000000000,,68.0000,2024-01-01,
5,CXASIAMILES,,2024-06-01 02:04:47,2024-07-30 04:09:37,1641,715,0.01874544199753635272,0.01400000000000000000,,68.0000,2021-11-01,
5,EKSKYWARDS,,2024-06-20 06:30:29,2024-07-25 03:38:17,17,218,0.02481014382026870213,0.01700000000000000000,,90.0000,2024-01-01,
5,ETHGUEST,,2024-06-10 07:58:56,2024-07-19 07:49:49,7,101,0.01378341323348261229,0.01200000000000000000,,50.0000,2018-04-16,
5,EVAINFML,,2024-06-01 00:08:05,2024-07-30 04:37:04,7356,106,0.01378341323348261229,0.01160000000000000000,,50.0000,2018-04-16,
5,JALMILEAGEBANK,,2024-06-02 17:25:07,2024-07-27 06:59:55,12,31,0.02481014382026870213,0.01900000000000000000,,90.0000,2020-08-31,
5,MIMARRIOTTBONVOY,,2024-06-01 02:48:26,2024-07-30 03:08:44,591,480,0.01157806711612539433,0.00920000000000000000,,42.0000,2020-08-31,
5,QFQANTAS,,2024-06-01 03:37:50,2024-07-29 17:42:50,1913,193,0.01252912262923569457,0.01000000000000000000,,46.0000,2019-02-25,
5,QRPRIVILEGECLUB,,2024-06-06 04:43:04,2024-07-21 15:45:39,14,144,0.01929677852687565721,0.01400000000000000000,,70.0000,2020-05-01,
5,SQKF,,2024-06-01 12:59:41,2024-06-24 15:17:23,24,125,0.01874544199753635272,0.01400000000000000000,,68.0000,2020-12-01,
5,UAMILEAGEPLUS,,2024-06-01 04:07:03,2024-07-30 02:03:39,45,110,0.01754628504622336545,0.01350000000000000000,,64.0000,2018-04-16,
5,VNLOTUSMILES,,2024-07-27 12:23:32,2024-07-27 12:23:32,1,538,0.01378341323348261229,0.01050000000000000000,,50.0000,2020-08-31,
5,WHWYNDHAMREWARDS,,2024-06-18 10:49:52,2024-07-25 13:00:30,11,535,0.01516175455683087352,0.01200000000000000000,,55.0000,2020-08-31,
11,ACAEROPLAN,,2024-06-01 06:45:53.992009,2024-07-29 06:45:51.331059,190,83,0.01600000000000000000,0.01230043449475965313,,1.7000,2018-06-15,
11,AFFLYINGBLUE,,2024-06-01 06:45:54.005515,2024-07-26 06:45:53.002771,80,54,0.01300000000000000000,0.01200000000000000000,,1.4000,2018-04-04,
11,AMCLUBPREMIER,,2024-07-25 06:45:50.012565,2024-07-25 06:45:50.012565,1,56,0.01400000000000000000,0.01280000000000000000,15l000 BC points : 10l000 AM points,1.5000,2024-01-01,
11,ETHGUEST,,2024-06-25 06:45:50.879027,2024-07-05 06:45:54.463652,3,104,0.01340000000000000000,0.01200000000000000000,,1.4000,2018-04-04,
11,EVAINFML,,2024-06-01 06:45:54.027102,2024-07-11 06:45:54.258069,17,47,0.01300000000000000000,0.01160000000000000000,,1.4000,2018-04-04,
11,JALMILEAGEBANK,,2024-06-12 06:45:53.299763,2024-07-14 06:45:51.654902,3,13,0.02100000000000000000,0.01900000000000000000,(Barclays exclusive tier),2.250,2020-03-01,
11,QFQANTAS,,2024-06-02 06:45:53.081933,2024-07-25 06:45:49.998558,35,112,0.01200000000000000000,0.01000000000000000000,,1.4000,2018-04-04,
15,AABIG,,2024-06-06 09:15:54.162151,2024-07-26 09:15:55.034804,21,180,0.00900000000000000000,0.00581853790486518124,,0.2500,2022-01-01,
15,ACAEROPLAN,,2024-06-06 09:15:54.179894,2024-07-26 09:15:55.029101,13,133,0.01700000000000000000,0.01230043449475965313,,0.5100,2021-06-27,
15,ACCORLECLUB,,2024-06-06 09:15:54.121205,2024-07-26 09:15:54.976356,14,135,0.02300000000000000000,0.01846992932535866973,,0.6000,2022-07-01,
15,AFFLYINGBLUE,,2024-06-06 09:15:54.115165,2024-07-26 09:15:54.986093,98,132,0.01200000000000000000,0.01050000000000000000,,0.3400,2022-01-01,
15,BAAVIOS,,2024-06-06 09:15:53.865879,2024-07-26 09:15:54.937404,29,167,0.01600000000000000000,0.01250000000000000000,,0.4500,2024-01-01,
15,EKSKYWARDS,,2024-06-06 09:15:54.094554,2024-07-26 09:15:55.053243,44,365,0.02050000000000000000,0.01700000000000000000,,0.5500,2024-01-01,
15,ETHGUEST,,2024-06-06 09:15:54.359433,2024-06-13 09:15:57.287508,3,137,0.01500000000000000000,0.01200000000000000000,,0.4200,2022-01-01,
15,IHGREWARDSCLUB,,2024-06-06 09:15:54.168501,2024-07-26 09:15:55.00831,63,156,0.00900000000000000000,0.00700000000000000000,,0.2500,2022-01-01,
15,JALMILEAGEBANK,,2024-06-06 09:15:54.149387,2024-07-26 09:15:54.924887,27,361,0.02400000000000000000,0.01900000000000000000,,0.6700,2022-01-01,
15,MIMARRIOTTBONVOY,,2024-06-06 09:15:54.141448,2024-07-26 09:15:55.046237,132,481,0.01200000000000000000,0.01050000000000000000,,0.3400,2022-01-01,
15,QRPRIVILEGECLUB,,2024-06-20 09:15:53.690975,2024-07-18 09:16:01.87279,6,157,0.01700000000000000000,0.01400000000000000000,,0.4800,2022-01-01,
15,UAMILEAGEPLUS,,2024-06-06 09:15:54.302493,2024-07-26 09:15:55.016164,28,138,0.01700000000000000000,0.01400000000000000000,,0.4800,2022-01-01,
20,ACCORLECLUB,,2024-06-03 02:27:19.939148,2024-07-27 06:08:40.273729,30,194,0.02622549945487230442,0.02172932861806902321,,6.0000,2019-10-18,
20,AFFLYINGBLUE,,2024-06-21 08:34:27.470209,2024-07-10 08:29:15.58445,2,171,0.01171777635217698708,0.01100000000000000000,,3.0000,2019-10-18,
20,BAAVIOS,,2024-06-03 02:27:19.800951,2024-07-27 06:08:40.254894,24,188,0.01450772310269531734,0.01250000000000000000,,3.5000,2024-01-01,
20,EKSKYWARDS,,2024-06-03 02:27:19.742329,2024-07-26 08:48:37.89786,28,427,0.02008761660373197785,0.01700000000000000000,,4.5000,2024-01-01,
20,ETHGUEST,,2024-06-03 02:27:19.899604,2024-07-10 08:29:15.616787,5,181,0.01311274972743615221,0.01200000000000000000,,3.0000,2019-10-18,
20,EVAINFML,,2024-06-03 02:27:19.99301,2024-07-27 06:08:40.246114,39,174,0.01283375505238431918,0.01160000000000000000,,3.0000,2019-10-18,
20,IHGREWARDSCLUB,,2024-06-03 02:27:19.827822,2024-07-25 04:19:31.165616,16,189,0.00836984025155499077,0.00700000000000000000,,2.0000,2019-10-18,
20,MIMARRIOTTBONVOY,,2024-06-21 08:34:29.199129,2024-06-21 08:34:29.199129,1,482,0.00976481362681415590,0.01050000000000000000,,2.5000,2021-10-20,
20,QFQANTAS,,2024-06-21 08:34:27.300324,2024-06-21 08:34:27.698883,3,179,0.01171777635217698708,0.01000000000000000000,,3.0000,2019-10-18,
20,UAMILEAGEPLUS,,2024-06-03 02:27:19.767683,2024-07-25 04:19:31.233607,7,366,0.01729766985321364759,0.01400000000000000000,,4.0000,2019-10-18,
21,ACAEROPLAN,,2024-06-03 04:00:51.976267,2024-07-30 04:02:21.890626,8,197,0.01600000000000000000,0.01230043449475965313,,0.5000,2024-01-01,2024-12-31
21,ACCORLECLUB,,2024-06-03 04:00:51.680272,2024-07-30 04:02:21.668752,25,195,0.02607519434168282785,0.02172932861806902321,,0.5000,2022-11-01,2024-12-31
21,AFFLYINGBLUE,,2024-06-04 04:02:25.269181,2024-07-26 04:00:47.418722,26,198,0.01270000000000000000,0.01150000000000000000,,0.5000,2024-01-01,2024-12-31
21,AVLIFEMILES,,2024-06-05 04:00:56.939755,2024-07-30 04:02:21.71972,17,392,0.01400000000000000000,0.01250000000000000000,,0.5000,2024-01-01,2024-12-31
21,BAAVIOS,,2024-06-11 04:02:22.006855,2024-07-11 04:00:46.98144,9,203,0.01400000000000000000,0.01250000000000000000,,0.5000,2024-01-01,2024-12-31
21,CMCONNECTMILES,,2024-06-03 04:00:51.405775,2024-07-26 04:00:47.344226,25,374,0.01700000000000000000,0.01500000000000000000,,0.5000,2024-01-01,2024-12-31
21,IBIBERIAPLUS,,2024-06-03 04:00:51.010566,2024-07-30 04:02:21.679349,63,317,0.01320000000000000000,0.01200000000000000000,,0.5000,2024-01-01,2024-12-31
21,IHGREWARDSCLUB,,2024-06-01 04:00:50.777243,2024-07-30 04:02:21.821573,110,201,0.00830000000000000000,0.00700000000000000000,,0.5000,2022-01-01,2024-12-31
21,MIMARRIOTTBONVOY,,2024-06-03 04:00:51.965994,2024-07-30 04:02:21.872258,114,484,0.01120000000000000000,0.01050000000000000000,,0.5000,2022-01-01,2024-12-31
21,TKMILESANDSMILES,,2024-06-05 04:00:58.694901,2024-07-27 04:00:54.993726,6,612,0.01640000000000000000,0.01420000000000000000,,0.5000,2024-01-01,2024-12-31
21,WHWYNDHAMREWARDS,,2024-06-04 04:02:25.133608,2024-07-30 04:02:21.707282,30,617,0.01350000000000000000,0.01200000000000000000,,0.5000,2022-01-01,2024-12-31
22,ACAEROPLAN,,2024-06-01 00:19:12.138389,2024-07-30 04:25:15.57342,6646,207,0.01172159051853566945,0.01085332455419969394,,1.0000,2021-10-07,
22,ACCORLECLUB,,2024-06-01 03:33:55.428573,2024-07-30 01:29:33.904547,217,455,0.01760075618063590880,0.01629699646355176741,,2.0000,2020-02-20,
22,AFFLYINGBLUE,,2024-06-01 00:04:26.507972,2024-07-30 04:26:03.158316,9333,208,0.01250000000000000000,0.01160000000000000000,,1.0000,2021-10-07,
22,AMCLUBPREMIER,,2024-06-01 04:39:45.759134,2024-07-29 20:17:10.712146,267,211,0.01080000000000000000,0.01000000000000000000,,1.0000,2021-04-20,
22,AVLIFEMILES,,2024-06-01 00:20:17.320724,2024-07-30 04:27:43.633456,2906,227,0.01350000000000000000,0.01250000000000000000,,1.0000,2021-04-20,
22,AYFINNAIRPLUS,,2024-06-01 16:51:26.414934,2024-07-30 03:24:18.293369,223,320,0.01200000000000000000,0.01000000000000000000,,1.0000,2024-05-01,
22,CHOICEHOTELS,,2024-06-01 00:11:40.998432,2024-07-30 03:33:22.811735,672,1106,0.00730000000000000000,0.00700000000000000000,,1.0000,2021-12-10,
22,CXASIAMILES,,2024-06-01 01:12:31.893505,2024-07-30 02:43:22.362602,2030,560,0.01330000000000000000,0.01230000000000000000,,1.0000,2021-04-20,
22,EKSKYWARDS,,2024-06-01 00:45:38.413832,2024-07-30 04:05:41.884814,2338,224,0.01510000000000000000,0.01400000000000000000,,1.0000,2023-01-01,
22,ETHGUEST,,2024-06-01 10:36:36.439623,2024-07-30 03:57:55.99055,769,206,0.01300000000000000000,0.01200000000000000000,,1.0000,2021-04-20,
22,EVAINFML,,2024-06-01 01:21:50.241235,2024-07-30 03:52:03.984314,1725,214,0.01250000000000000000,0.01160000000000000000,,1.3333,2018-12-10,
22,QFQANTAS,,2024-06-01 00:26:34.040133,2024-07-30 02:22:27.753352,1909,212,0.00920000000000000000,0.00850000000000000000,,1.0000,2021-04-20,
22,SQKF,,2024-06-01 00:06:52.214965,2024-07-30 03:41:41.146307,2383,339,0.01730000000000000000,0.01600000000000000000,,2.0000,2018-12-10,
22,TKMILESANDSMILES,,2024-06-01 00:03:43.134891,2024-07-30 04:02:31.967914,4138,589,0.01480000000000000000,0.01420000000000000000,,1.0000,2024-01-01,
22,TPMILESANDGO,,2024-06-01 13:10:31.788605,2024-07-30 00:51:33.963956,442,548,0.00730000000000000000,0.00700000000000000000,,1.0000,2021-04-20,
22,VIRGINRED,,2024-06-01 00:25:16.423839,2024-07-30 04:26:46.548092,2754,747,0.01250000000000000000,0.01200000000000000000,,1.0000,2022-03-30,
22,WHWYNDHAMREWARDS,,2024-06-01 00:24:45.168597,2024-07-30 04:27:37.403554,1900,453,0.01080000000000000000,0.01000000000000000000,,1.0000,2021-04-20,
23,AFFLYINGBLUE,,2024-07-08 08:31:46.219883,2024-07-24 08:31:37.029363,2,210,0.00886539264325338633,0.01100000000000000000,World Present (Personal),2.0000,2022-04-01,
23,BAAVIOS,,2024-06-02 08:31:33.890662,2024-07-28 08:31:35.575445,9,342,,0.01250000000000000000,World Present (Personal),2.0000,2024-01-01,
27,EKSKYWARDS,,2024-06-01 04:43:53.545561,2024-07-29 07:52:36.775662,176,315,0.02800000000000000000,0.02500000000000000000,Rewards,9.0000,2019-06-29,
27,ETHGUEST,,2024-06-11 09:48:15.715823,2024-07-28 02:46:40.851237,13,301,0.01990000000000000000,0.01800000000000000000,Rewards,7.0000,2019-06-29,
27,IHGREWARDSCLUB,,2024-06-29 06:06:09.769973,2024-07-29 07:24:27.328938,3,247,0.00830000000000000000,0.00700000000000000000,Rewards,3.0000,2019-06-29,
27,JMJUMEIRAHONE,,2024-06-21 09:38:53.209239,2024-06-21 09:38:53.209239,1,578,0.02100000000000000000,0.01900000000000000000,Rewards,7.0000,2021-01-27,
27,TKMILESANDSMILES,,2024-06-26 10:02:02.886208,2024-07-21 20:25:09.575103,3,587,0.01640000000000000000,0.01420000000000000000,Cashback,0.0667,2024-01-01,
27,TKMILESANDSMILES,,2024-06-26 10:02:02.886208,2024-07-21 20:25:09.575103,3,587,0.01640000000000000000,0.01420000000000000000,Rewards,5.0000,2024-01-01,
27,UKCLUBVISTARA,,2024-06-20 02:30:08.665816,2024-06-20 02:30:08.665816,1,532,0.01650000000000000000,0.01500000000000000000,Rewards,5.0000,2020-12-10,
29,AABIG,,2024-06-02 23:30:01.197289,2024-07-16 04:12:42.244711,8,310,0.00646504211651686805,0.00581853790486518124,,0.5000,2019-06-29,
29,ACCORLECLUB,,2024-06-02 05:35:34.537693,2024-07-26 02:45:41.380964,9,255,0.02390226147987592553,0.02172932861806902321,,1.0000,2019-06-29,
29,BAAVIOS,,2024-06-17 12:25:19.979652,2024-06-24 03:37:16.203211,2,316,0.01400000000000000000,0.01250000000000000000,,0.0500,2024-01-01,
29,ETHGUEST,,2024-07-12 06:18:04.415254,2024-07-12 06:18:04.415254,1,297,0.01320000000000000000,0.01200000000000000000,,0.5000,2019-06-29,
29,IHGREWARDSCLUB,,2024-06-02 03:46:56.315879,2024-07-27 13:26:39.227171,4,249,0.00830000000000000000,0.00700000000000000000,,0.3333,2019-06-29,
29,MIMARRIOTTBONVOY,,2024-06-09 08:22:46.185222,2024-07-30 02:31:44.869321,18,510,0.01120000000000000000,0.01050000000000000000,,0.3330,2020-12-11,
31,ACCORLECLUB,,2024-06-23 13:46:53.188752,2024-07-18 15:20:11.562103,4,254,0.02880000000000000000,0.02172932861806902321,,3.0000,2019-06-29,
31,EKSKYWARDS,,2024-06-01 04:48:52.576275,2024-07-29 16:55:43.786537,50,457,0.02800000000000000000,0.02500000000000000000,,3.0000,2024-06-01,
31,ETHGUEST,,2024-06-03 11:45:58.943188,2024-07-25 21:44:47.26259,14,295,0.01990000000000000000,0.01800000000000000000,,2.0000,2019-06-29,
31,IHGREWARDSCLUB,,2024-06-08 06:58:26.830722,2024-07-25 20:40:51.097246,2,251,0.00830000000000000000,0.00700000000000000000,,1.0000,2019-06-29,
31,MIMARRIOTTBONVOY,,2024-06-01 08:50:33.881046,2024-07-29 15:35:09.392421,15,511,0.01120000000000000000,0.01050000000000000000,,1.0000,2019-06-29,
31,TKMILESANDSMILES,,2024-06-10 21:15:34.188987,2024-07-28 20:07:54.520467,9,588,0.01640000000000000000,0.01420000000000000000,,1.6500,2024-01-01,
41,AFFLYINGBLUE,,2024-06-01 04:36:03.410496,2024-07-29 22:30:21.315767,77,389,0.01300000000000000000,0.01200000000000000000,Non-Exclusive,1.500,2019-07-30,
41,AFFLYINGBLUE,,2024-06-03 15:40:16.071989,2024-07-29 19:25:46.824723,27,389,0.01300000000000000000,0.01200000000000000000,Exclusive,1.000,2019-07-30,
41,AFFLYINGBLUE,,2024-06-05 01:40:17.790034,2024-07-29 20:15:19.99358,15,,,,,,,
41,AMCLUBPREMIER,,2024-06-02 00:26:01.898202,2024-06-21 01:00:11.580862,5,405,0.01320000000000000000,0.01000000000000000000,Non-Exclusive,1.500,2019-07-30,
41,AVLIFEMILES,,2024-06-03 02:47:32.606425,2024-07-18 08:05:19.096433,9,,,,,,,
41,AVLIFEMILES,,2024-06-03 15:25:12.815368,2024-07-26 17:00:11.511943,17,411,0.01380000000000000000,0.01250000000000000000,Exclusive,1.000,2019-07-30,
41,AVLIFEMILES,,2024-06-04 20:35:12.026058,2024-07-29 16:30:23.12076,45,411,0.01380000000000000000,0.01250000000000000000,Non-Exclusive,1.500,2019-07-30,
41,CXASIAMILES,,2024-06-01 02:25:12.185176,2024-07-24 14:41:27.171574,11,562,0.01400000000000000000,0.01230000000000000000,Exclusive,1.000,2019-07-30,
41,CXASIAMILES,,2024-06-01 02:25:12.185176,2024-07-24 14:41:27.171574,11,562,0.01400000000000000000,0.01280000000000000000,Exclusive,1.000,2019-07-30,
41,CXASIAMILES,,2024-06-01 02:25:12.185176,2024-07-24 14:41:27.171574,11,562,0.01400000000000000000,0.01320000000000000000,Exclusive,1.000,2019-07-30,
41,CXASIAMILES,,2024-06-09 20:05:10.659879,2024-07-27 19:20:19.230158,7,,,,,,,
41,CXASIAMILES,,2024-06-13 18:50:10.949228,2024-07-24 17:15:08.332401,16,562,0.01400000000000000000,0.01230000000000000000,Non-Exclusive,1.500,2019-07-30,
41,CXASIAMILES,,2024-06-13 18:50:10.949228,2024-07-24 17:15:08.332401,16,562,0.01400000000000000000,0.01280000000000000000,Non-Exclusive,1.500,2019-07-30,
41,CXASIAMILES,,2024-06-13 18:50:10.949228,2024-07-24 17:15:08.332401,16,562,0.01400000000000000000,0.01320000000000000000,Non-Exclusive,1.500,2019-07-30,
41,EKSKYWARDS,,2024-06-01 02:15:50.304982,2024-07-21 22:00:17.976042,11,,,,,,,
41,EKSKYWARDS,,2024-06-03 11:20:15.143361,2024-07-29 23:05:12.797858,76,456,0.01900000000000000000,0.01700000000000000000,Exclusive,1.000,2024-01-01,
41,EKSKYWARDS,,2024-06-03 12:55:10.579174,2024-07-29 01:30:15.408907,57,456,0.01900000000000000000,0.01700000000000000000,Non-Exclusive,1.500,2024-01-01,
41,QFQANTAS,,2024-06-02 10:00:17.52874,2024-07-29 22:25:13.672582,33,402,0.01100000000000000000,0.01000000000000000000,Exclusive,1.000,2019-07-30,
41,QFQANTAS,,2024-06-03 16:15:17.070482,2024-07-29 10:10:23.088825,35,402,0.01100000000000000000,0.01000000000000000000,Non-Exclusive,1.500,2019-07-30,
41,QFQANTAS,,2024-06-06 00:35:18.742254,2024-07-29 09:50:15.603494,10,,,,,,,
41,SQKF,,2024-06-03 01:06:21.471856,2024-07-29 05:15:26.053061,29,413,0.02400000000000000000,0.02400000000000000000,Non-Exclusive,1.500,2019-07-30,
41,SQKF,,2024-06-06 15:20:22.085443,2024-07-17 17:55:18.228389,6,413,0.02400000000000000000,0.02400000000000000000,Exclusive,1.000,2019-07-30,
41,SQKF,,2024-06-12 21:35:17.92231,2024-07-01 19:45:12.40059,2,,,,,,,
42,AABIG,,2024-06-01 18:30:54.041858,2024-07-24 18:30:51.154099,10,418,0.00930000000000000000,0.00581853790486518124,Platinum,100.000,2020-05-06,
42,ACAEROPLAN,,2024-06-03 18:30:52.668321,2024-07-29 18:30:49.657281,34,627,0.01830000000000000000,0.01085332455419969394,Platinum,100.000,2022-05-25,
42,ACCORLECLUB,,2024-06-02 18:31:01.34844,2024-07-25 18:30:49.208566,21,789,0.03100000000000000000,0.01846992932535866973,Youyu Premium Member,217.000,2022-09-27,
42,AFFLYINGBLUE,,2024-06-02 18:31:00.458108,2024-07-24 18:30:50.987338,15,398,0.01300000000000000000,0.01050000000000000000,Platinum,100.000,2020-05-06,
42,AYFINNAIRPLUS,,2024-06-02 18:31:00.482422,2024-07-20 18:30:46.417335,5,606,0.01120000000000000000,0.00800000000000000000,Platinum,100.000,2022-02-23,
42,BAAVIOS,,2024-06-01 18:30:54.114057,2024-07-28 18:30:45.3177,29,750,0.01700000000000000000,0.01250000000000000000,Gold & Platinum with annual fee waived,200.0000,2024-01-01,
42,EKSKYWARDS,,2024-06-01 18:30:54.092041,2024-07-25 18:30:49.166552,18,420,0.02400000000000000000,0.01700000000000000000,Platinum,100.000,2024-01-01,
42,ETHGUEST,,2024-07-25 18:30:49.137221,2024-07-25 18:30:49.137221,1,404,0.01680000000000000000,0.01200000000000000000,Platinum,100.000,2022-02-23,
42,EVAINFML,,2024-06-04 18:30:53.572673,2024-07-25 18:30:49.158738,6,406,0.01610000000000000000,0.01160000000000000000,Platinum,100.000,2022-02-23,
42,IHGREWARDSCLUB,,2024-06-01 18:30:54.125238,2024-07-29 18:30:49.758342,570,769,0.00980000000000000000,0.00700000000000000000,Youyu Premium Member,70.000,2022-09-27,
42,JALMILEAGEBANK,,2024-06-04 18:30:53.580677,2024-07-28 18:30:45.331743,44,746,0.02650000000000000000,0.01900000000000000000,Platinum,100.000,2022-05-25,
42,SQKF,,2024-06-01 18:30:54.172044,2024-07-01 18:30:49.334092,120,417,0.01830000000000000000,0.01400000000000000000,Platinum,100.000,2022-04-01,
42,UAMILEAGEPLUS,,2024-06-01 18:30:54.069426,2024-07-29 18:30:49.823923,781,390,0.02030000000000000000,0.01350000000000000000,Platinum,100.000,2022-02-23,
42,WHWYNDHAMREWARDS,,2024-06-05 18:30:49.843461,2024-07-25 18:30:49.200935,7,779,0.01680000000000000000,0.01200000000000000000,Youyu Premium Member,118.0000,2022-09-27,
48,AFFLYINGBLUE,,2024-06-03 08:36:35.037201,2024-07-28 08:36:31.335384,32,415,0.00886539264325338633,0.01100000000000000000,V Points,2.0000,2020-04-01,
48,BAAVIOS,,2024-06-01 08:36:34.264423,2024-07-29 08:36:31.149931,214,416,,0.01250000000000000000,c,2.0000,2024-01-01,
50,AABIG,,2024-06-01 07:15:52.900923,2024-07-25 07:15:51.46524,10,430,0.00640039169535169937,0.00581853790486518124,,2.5000,2018-05-17,
50,ACAEROPLAN,,2024-06-03 07:15:52.790216,2024-07-28 07:15:49.843796,20,628,0.01374754443531961232,0.01230043449475965313,,4.0000,2022-02-09,
50,ACCORLECLUB,,2024-06-02 07:15:56.776258,2024-07-29 07:15:52.691551,718,734,0.02390226147987592553,0.02172932861806902321,,5.0000,2022-02-09,
50,AFFLYINGBLUE,,2024-06-06 07:16:40.372642,2024-07-20 07:15:49.632018,11,431,0.01050000000000000000,0.01000000000000000000,,2.5000,2022-02-10,
50,CXASIAMILES,,2024-06-01 07:15:52.97151,2024-07-29 07:15:52.791932,177,561,0.01400000000000000000,0.01280000000000000000,,3.5000,2022-03-01,
50,EKSKYWARDS,,2024-06-01 07:15:52.798298,2024-07-29 07:15:52.810702,298,434,0.01850000000000000000,0.01700000000000000000,,5.0000,2024-02-08,
50,ETHGUEST,,2024-06-05 07:15:57.862354,2024-07-08 07:15:53.321603,23,435,0.01320000000000000000,0.01200000000000000000,,3.0000,2022-02-09,
50,EVAINFML,,2024-06-06 07:16:40.609735,2024-07-11 07:15:53.147018,3,436,0.01270000000000000000,0.01160000000000000000,,3.0000,2018-07-02,
50,IHGREWARDSCLUB,,2024-06-01 07:15:52.911343,2024-07-28 07:15:49.8359,125,437,0.00830000000000000000,0.00700000000000000000,,2.5000,2018-05-17,
50,MIMARRIOTTBONVOY,,2024-06-01 07:15:52.931318,2024-07-27 07:15:49.585607,178,478,0.01120000000000000000,0.01050000000000000000,,3.0000,2022-04-01,
50,QRPRIVILEGECLUB,,2024-06-01 07:15:53.001787,2024-07-29 07:15:52.731296,519,442,0.01550000000000000000,0.01400000000000000000,,3.5000,2020-05-01,
50,SQKF,,2024-06-01 07:15:52.821976,2024-07-29 07:15:52.716832,441,743,0.01540000000000000000,0.01400000000000000000,,3.0000,2022-04-01,
50,UAMILEAGEPLUS,,2024-06-01 07:15:52.921682,2024-07-26 07:15:48.540844,81,443,0.01550000000000000000,0.01400000000000000000,,3.5000,2022-02-09,
50,WHWYNDHAMREWARDS,,2024-06-06 07:16:40.469408,2024-06-06 07:16:52.843555,4,618,0.01320000000000000000,0.01200000000000000000,,3.0000,2022-02-09,
53,ACCORLECLUB,,2024-06-06 07:25:16.580449,2024-07-10 08:01:17.9573,12,490,0.02390226147987592553,0.02172932861806902321,,8.0000,2022-11-01,
53,AFFLYINGBLUE,,2024-06-02 15:55:51.276429,2024-07-15 08:55:22.635209,9,477,0.01200000000000000000,0.01100000000000000000,,3.0000,2021-04-01,
53,BAAVIOS,,2024-06-12 03:55:43.177847,2024-07-29 08:02:01.431597,22,508,0.01400000000000000000,0.01250000000000000000,,4.0000,2024-01-01,
53,EKSKYWARDS,,2024-06-08 10:36:10.6242,2024-07-27 02:31:22.581736,46,471,0.01900000000000000000,0.01700000000000000000,,5.0000,2024-01-01,
53,ETHGUEST,,2024-06-07 07:55:01.976955,2024-06-07 07:55:01.976955,1,559,0.01320000000000000000,0.01200000000000000000,,4.0000,2021-04-01,
53,IHGREWARDSCLUB,,2024-06-05 13:32:46.048165,2024-07-30 04:37:08.731305,14,469,0.00850000000000000000,0.00700000000000000000,,3.0000,2022-11-01,
53,MIMARRIOTTBONVOY,,2024-06-01 06:26:13.453358,2024-07-26 11:21:27.97555,31,513,0.01100000000000000000,0.01030000000000000000,,4.0000,2022-11-01,
53,QFQANTAS,,2024-06-25 23:17:49.146975,2024-07-15 05:00:13.414444,3,505,0.01150000000000000000,0.01000000000000000000,,3.0000,2021-04-01,
53,QRPRIVILEGECLUB,,2024-06-02 02:03:14.728945,2024-07-26 04:07:53.329493,21,494,0.01550000000000000000,0.01400000000000000000,,5.0000,2022-11-01,
54,ACAEROPLAN,,2024-06-03 13:53:33.57283,2024-07-27 08:13:57.314534,16,496,0.01410932192045960212,0.01230043449475965313,,1.0000,2021-10-27,
54,AFFLYINGBLUE,,2024-06-06 13:42:34.770885,2024-07-27 19:54:35.503548,26,475,0.01300000000000000000,0.01200000000000000000,,1.0000,2021-10-27,
54,AVLIFEMILES,,2024-06-14 18:10:04.452862,2024-07-03 13:46:02.510029,4,537,0.01420000000000000000,0.01250000000000000000,,1.0000,2021-10-27,
54,BAAVIOS,,2024-06-02 05:20:00.649578,2024-07-29 06:46:20.420949,27,509,0.01400000000000000000,0.01250000000000000000,,1.0000,2024-01-01,
54,EKSKYWARDS,,2024-06-01 00:21:33.269142,2024-07-29 18:15:50.124538,454,472,0.02600000000000000000,0.02600000000000000000,,2.500,2023-04-30,
54,FABCASHBACK,,2024-06-02 08:29:19.47544,2024-07-26 15:31:53.06616,39,,,,,,,
54,IHGREWARDSCLUB,,2024-06-12 19:48:37.116855,2024-07-25 12:52:50.030109,18,467,0.00840000000000000000,0.00700000000000000000,,1.0000,2021-10-27,
54,JMJUMEIRAHONE,,2024-06-01 08:19:58.763822,2024-07-29 19:27:36.019503,60,550,0.02100000000000000000,0.01900000000000000000,,1.0000,2021-10-27,
54,JMJUMEIRAHONE,,2024-06-01 08:19:58.763822,2024-07-29 19:27:36.019503,60,,,,,,,
54,TKMILESANDSMILES,,2024-06-01 16:14:45.070812,2024-07-28 12:52:05.863989,55,590,0.01640000000000000000,0.01420000000000000000,,1.0000,2024-01-01,
54,UKCLUBVISTARA,,2024-07-23 12:33:13.244106,2024-07-23 12:33:13.244106,1,533,0.01650000000000000000,0.01500000000000000000,,1.0000,2021-10-27,
54,WHWYNDHAMREWARDS,,2024-06-02 11:39:01.971111,2024-06-02 11:39:01.971111,1,470,0.01360000000000000000,0.01200000000000000000,,1.0000,2021-10-27,
55,AABIG,,2024-06-20 05:16:20.09516,2024-07-29 05:17:49.965933,6,463,0.00870000000000000000,0.00581853790486518124,,1.0000,2020-04-15,
55,ACAEROPLAN,,2024-06-03 05:17:44.307849,2024-07-29 05:17:56.721807,47,497,0.01650000000000000000,0.01230043449475965313,,1.0000,2020-04-15,
55,ACCORLECLUB,,2024-06-03 05:17:38.898631,2024-07-29 05:17:57.016913,101,492,0.02498872791077937669,0.01846992932535866973,,1.0000,2022-08-01,
55,AFFLYINGBLUE,,2024-06-05 05:17:13.211622,2024-07-29 05:17:57.028494,37,476,0.01210000000000000000,0.01050000000000000000,,1.0000,2020-04-15,
55,AVLIFEMILES,,2024-06-03 05:17:45.872399,2024-07-23 05:16:25.695398,10,524,0.01550000000000000000,0.01250000000000000000,,1.0000,2020-04-15,
55,CXASIAMILES,,2024-06-03 05:17:38.84696,2024-07-29 05:17:57.043666,1206,572,,,,1.0000,2020-11-26,
55,EKSKYWARDS_V2,,2024-06-03 05:17:45.37096,2024-07-29 05:17:56.353998,36,,,,,,,
55,HUFORTUNEWINGSCLUB,,2024-07-11 05:16:12.865388,2024-07-11 05:16:12.865388,1,499,0.01600000000000000000,0.01300000000000000000,,1.0000,2020-04-15,
55,IHGREWARDSCLUB,,2024-06-03 05:17:39.04901,2024-07-29 05:17:56.924311,29,468,0.00910000000000000000,0.00700000000000000000,,1.0000,2020-04-15,
55,JALMILEAGEBANK,,2024-06-03 05:17:39.01462,2024-07-29 05:17:56.978097,185,474,0.02360000000000000000,0.01900000000000000000,,1.0000,2020-05-21,
55,MIMARRIOTTBONVOY,,2024-06-03 05:17:45.832294,2024-07-29 05:17:56.955365,80,557,0.00950000000000000000,0.00877500000000000000,,1.0000,2020-10-26,
55,QFQANTAS,,2024-07-13 05:16:06.18542,2024-07-22 05:17:38.237101,6,504,0.01250000000000000000,0.01000000000000000000,,1.0000,2020-04-15,
55,QRPRIVILEGECLUB,,2024-06-11 05:19:03.697999,2024-07-17 05:16:18.48854,15,493,0.01700000000000000000,0.01400000000000000000,,1.0000,2020-04-15,
55,TKMILESANDSMILES,,2024-06-03 05:17:45.956053,2024-07-16 05:15:57.160748,17,621,,0.01420000000000000000,,1.0000,2024-01-01,
55,UAMILEAGEPLUS,,2024-06-14 05:16:11.462987,2024-07-26 05:18:00.937711,16,473,0.01870000000000000000,0.01400000000000000000,,1.0000,2020-04-15,
56,ACCORLECLUB,,2024-06-01 07:20:25,2024-07-30 04:23:17,513,638,0.02629248762786351809,0.01955639575626212089,,13.5000,2021-05-01,
56,AFFLYINGBLUE,,2024-06-01 08:37:15,2024-07-30 03:39:17,92,604,0.01320000000000000000,0.01050000000000000000,,6.5000,2021-05-01,
56,AYFINNAIRPLUS,,2024-06-01 15:25:32,2024-07-30 02:18:20,57,607,0.01400000000000000000,0.01000000000000000000,,6.0000,2024-05-01,
56,QRPRIVILEGECLUB,,2024-06-01 02:36:03,2024-07-30 03:19:05,106,495,0.01830000000000000000,0.01400000000000000000,,9.0000,2020-05-13,
56,TKMILESANDSMILES,,2024-06-01 19:42:50,2024-07-28 02:46:36,19,609,,0.01420000000000000000,,,2024-01-01,
56,VNLOTUSMILES,,2024-06-01 09:42:41,2024-06-30 16:04:05,5,501,0.01320000000000000000,0.01050000000000000000,,6.5000,2020-05-13,
57,ACCORLECLUB,,2024-06-06 01:30:58.506521,2024-07-26 01:30:49.445152,11,554,,0.02172932861806902321,,25.0000,2024-02-01,
57,AFFLYINGBLUE,,2024-06-07 01:30:57.886134,2024-07-17 01:30:53.888973,6,549,0.01210000000000000000,0.01100000000000000000,,15.0000,2024-02-01,
57,BAAVIOS,,2024-06-06 01:30:58.869449,2024-07-25 01:30:53.407316,17,556,0.01400000000000000000,0.01250000000000000000,,15.0000,2024-02-01,
57,CXASIAMILES,,2024-06-01 01:30:59.517996,2024-07-30 01:30:51.297241,95,610,0.01500000000000000000,0.01400000000000000000,,15.0000,2021-06-01,
57,EKSKYWARDS,,2024-06-01 01:30:59.45553,2024-07-30 01:30:51.278914,96,551,0.01900000000000000000,0.01700000000000000000,,15.0000,2024-01-01,
57,ETHGUEST,,2024-06-01 01:30:57.788403,2024-07-19 01:30:52.214886,4,546,0.01320000000000000000,0.01200000000000000000,,15.0000,2024-02-01,
57,EVAINFML,,2024-06-01 01:30:59.500065,2024-07-30 01:30:51.288632,29,547,0.01270000000000000000,0.01160000000000000000,,15.0000,2024-02-01,
57,IHGREWARDSCLUB,,2024-06-12 01:30:52.58611,2024-07-22 06:52:04.368543,9,543,0.00840000000000000000,0.00700000000000000000,,10.0000,2021-04-01,
57,JALMILEAGEBANK,,2024-06-14 01:30:50.080403,2024-07-11 01:30:57.440291,5,558,0.02190000000000000000,0.01900000000000000000,,20.0000,2021-04-01,
57,MIMARRIOTTBONVOY,,2024-06-01 01:30:59.47425,2024-07-27 01:30:51.656057,97,517,0.01120000000000000000,0.01050000000000000000,,10.0000,2021-04-01,
57,QRPRIVILEGECLUB,,2024-06-01 01:30:58.544619,2024-07-30 01:30:51.271032,62,544,0.01540000000000000000,0.01400000000000000000,,15.0000,2021-04-01,
57,TKMILESANDSMILES,,2024-06-06 01:30:58.391678,2024-07-26 01:30:49.434278,14,591,0.01640000000000000000,0.01420000000000000000,,15.0000,2024-01-01,
59,AABIG,,2024-06-09 14:37:50.167213,2024-07-25 16:53:39.869235,16,705,0.00646504211651686805,0.00581853790486518124,Infinia Cards,1.000,2023-02-03,
59,ACAEROPLAN,,2024-06-02 13:05:07.798302,2024-07-27 08:29:11.410063,47,762,0.01447109940559959191,0.01230043449475965313,Infinia Cards,2.000,2023-02-03,
59,ACCORLECLUB,,2024-06-01 00:57:12.742807,2024-07-29 17:35:28.848087,11974,689,0.02390226147987592553,0.02172932861806902321,Infinia Cards,2.000,2024-01-15,
59,AFFLYINGBLUE,,2024-06-02 07:20:01.31943,2024-07-29 22:06:17.649984,896,721,0.01210000000000000000,0.01100000000000000000,Infinia Cards,1.000,2023-02-03,
59,AVLIFEMILES,,2024-06-05 12:00:28.749184,2024-07-28 20:56:32.96479,57,,,,,,,
59,AYFINNAIRPLUS,,2024-06-01 03:00:45.234828,2024-07-29 18:01:37.354942,171,710,0.01200000000000000000,0.01000000000000000000,Diners Black Cards,1.000,2024-04-01,
59,BAAVIOS,,2024-06-02 06:32:45.083652,2024-07-30 01:58:48.554828,81,707,0.01400000000000000000,0.01250000000000000000,Infinia Cards,2.0000,2024-01-01,
59,ETHGUEST,,2024-06-01 14:42:52.614376,2024-07-29 10:37:18.574067,127,718,0.01340000000000000000,0.01200000000000000000,Infinia Cards,2.000,2023-02-03,
59,IHGREWARDSCLUB,,2024-06-01 08:38:26.636235,2024-07-29 11:34:55.61713,303,680,0.00800000000000000000,0.00700000000000000000,Infinia Cards,1.000,2023-02-03,
59,TKMILESANDSMILES,,2024-06-02 15:56:52.232979,2024-07-25 17:03:19.109732,53,706,0.01640000000000000000,0.01420000000000000000,Infinia Cards,2.000,2024-01-15,
59,UAMILEAGEPLUS,,2024-06-01 14:14:18.329362,2024-07-29 09:39:32.513797,28,704,0.01700000000000000000,0.01400000000000000000,Infinia Cards,2.000,2023-02-03,
59,VNLOTUSMILES,,2024-06-07 10:39:44.874105,2024-07-23 16:59:53.946818,4,770,0.01200000000000000000,0.01050000000000000000,Infinia Cards,1.000,2023-02-03,
59,WHWYNDHAMREWARDS,,2024-06-02 14:49:37.577354,2024-07-28 05:22:20.302292,21,712,0.01340000000000000000,0.01200000000000000000,Infinia Cards,1.000,2023-02-03,
60,ACAEROPLAN,AFFLUENT,2024-06-06 16:45:09.320923,2024-07-28 05:30:07.14162,6,761,0.01447109940559959191,0.01230043449475965313,AFFLUENT,10.000,2023-04-05,
60,ACAEROPLAN,Atlas,2024-06-08 11:15:09.134465,2024-07-27 17:00:10.605263,77,,,,,,,
60,ACAEROPLAN,Burgundy Private,2024-06-02 12:45:10.634414,2024-07-24 08:45:07.025841,23,761,0.01447109940559959191,0.01230043449475965313,Burgundy Private,1.250,2023-09-01,
60,ACAEROPLAN,HNI,2024-06-03 13:30:09.044043,2024-07-30 03:00:06.843911,90,761,0.01447109940559959191,0.01230043449475965313,HNI,2.500,2023-09-01,
60,ACAEROPLAN,Horizon,2024-07-18 08:45:09.277924,2024-07-27 00:30:08.246338,3,,,,,,,
60,ACAEROPLAN,IOCL,2024-07-18 06:45:08.444709,2024-07-20 07:00:07.20749,2,,,,,,,
60,ACAEROPLAN,Magnus Burgundy,2024-06-01 05:30:13.909196,2024-07-29 04:00:07.182384,526,761,0.01447109940559959191,0.01230043449475965313,Magnus Burgundy,1.250,2023-09-01,
60,ACAEROPLAN,Magnus Burgundy Private,2024-06-24 16:30:08.437385,2024-07-20 08:15:07.64796,4,,,,,,,
60,ACAEROPLAN,MILE,2024-06-01 06:30:10.166146,2024-06-07 08:30:08.837337,10,761,0.01447109940559959191,0.01230043449475965313,MILE,0.500,2023-04-05,
60,ACAEROPLAN,Non Magnus Burgundy,2024-06-01 13:00:07.353475,2024-07-29 04:00:08.040448,34,761,0.01447109940559959191,0.01230043449475965313,Non Magnus Burgundy,1.250,2023-09-01,
60,ACAEROPLAN,Olympus,2024-07-17 10:30:14.090364,2024-07-29 16:15:10.405975,14,,,,,,,
60,ACAEROPLAN,Primus,2024-07-20 01:45:06.52915,2024-07-20 01:45:06.52915,1,,,,,,,
60,ACAEROPLAN,RETAIL,2024-06-14 16:30:13.997261,2024-07-20 11:30:08.64495,3,761,0.01447109940559959191,0.01230043449475965313,RETAIL,20.0000,2023-04-05,
60,ACCORLECLUB,AFFLUENT,2024-06-02 02:30:08.561624,2024-07-30 03:15:07.029062,152,748,0.01792669610990694415,0.01629699646355176741,AFFLUENT,10.000,2023-10-01,
60,ACCORLECLUB,Atlas,2024-06-08 11:15:12.400429,2024-07-30 04:15:10.2351,3178,,,,,,,
60,ACCORLECLUB,Burgundy Private,2024-06-01 05:15:07.405805,2024-07-30 03:30:07.371358,145,748,0.01792669610990694415,0.01629699646355176741,Burgundy Private,1.250,2023-10-01,
60,ACCORLECLUB,HNI,2024-06-01 00:45:07.724502,2024-07-30 04:30:07.541457,3215,748,0.01792669610990694415,0.01629699646355176741,HNI,2.500,2023-10-01,
60,ACCORLECLUB,Horizon,2024-07-17 09:45:07.088096,2024-07-29 18:30:09.035243,52,,,,,,,
60,ACCORLECLUB,IOCL,2024-07-17 16:30:10.522958,2024-07-29 13:30:09.491102,27,,,,,,,
60,ACCORLECLUB,Magnus Burgundy,2024-06-01 00:00:08.353429,2024-07-30 02:30:07.551958,4298,748,0.01792669610990694415,0.01629699646355176741,Magnus Burgundy,1.250,2023-10-01,
60,ACCORLECLUB,Magnus Burgundy Private,2024-06-15 15:30:26.043374,2024-07-22 16:15:10.482978,19,,,,,,,
60,ACCORLECLUB,MILE,2024-06-01 00:45:06.951738,2024-06-07 17:45:09.771391,225,748,0.01792669610990694415,0.01629699646355176741,MILE,0.500,2023-10-01,
60,ACCORLECLUB,Non Magnus Burgundy,2024-06-01 07:30:08.357592,2024-07-29 19:15:06.525594,245,748,0.01792669610990694415,0.01629699646355176741,Non Magnus Burgundy,1.250,2023-10-01,
60,ACCORLECLUB,Olympus,2024-07-17 09:45:11.956127,2024-07-29 18:00:06.699557,24,,,,,,,
60,ACCORLECLUB,RETAIL,2024-06-01 17:00:06.702947,2024-07-29 17:15:07.451162,44,748,0.01792669610990694415,0.01629699646355176741,RETAIL,20.0000,2023-10-01,
60,AFFLYINGBLUE,AFFLUENT,2024-06-01 20:30:10.479114,2024-07-24 10:15:07.646083,7,738,0.01210000000000000000,0.01100000000000000000,AFFLUENT,10.000,2022-08-26,
60,AFFLYINGBLUE,Atlas,2024-06-09 03:45:06.947881,2024-07-28 08:30:09.138399,39,,,,,,,
60,AFFLYINGBLUE,Burgundy Private,2024-06-01 12:45:08.88635,2024-07-28 09:00:06.962101,38,738,0.01210000000000000000,0.01100000000000000000,Burgundy Private,1.250,2023-09-01,
60,AFFLYINGBLUE,HNI,2024-06-02 06:15:07.566618,2024-07-29 21:00:07.444466,61,738,0.01210000000000000000,0.01100000000000000000,HNI,2.500,2023-09-01,
60,AFFLYINGBLUE,Horizon,2024-07-18 08:45:11.631324,2024-07-29 10:30:09.12152,6,,,,,,,
60,AFFLYINGBLUE,IOCL,2024-07-28 04:15:10.068038,2024-07-28 04:15:10.068038,1,,,,,,,
60,AFFLYINGBLUE,Magnus Burgundy,2024-06-01 19:30:07.680103,2024-07-29 06:30:08.106653,250,738,0.01210000000000000000,0.01100000000000000000,Magnus Burgundy,1.250,2023-09-01,
60,AFFLYINGBLUE,Magnus Burgundy Private,2024-07-09 17:45:09.818072,2024-07-09 17:45:09.818072,1,,,,,,,
60,AFFLYINGBLUE,MILE,2024-06-01 20:30:09.60748,2024-06-03 13:00:08.584355,4,738,0.01210000000000000000,0.01100000000000000000,MILE,0.500,2022-06-01,
60,AFFLYINGBLUE,Non Magnus Burgundy,2024-06-24 07:45:07.223639,2024-07-29 23:00:06.859024,14,738,0.01210000000000000000,0.01100000000000000000,Non Magnus Burgundy,1.250,2023-09-01,
60,AFFLYINGBLUE,Olympus,2024-07-17 14:15:10.607696,2024-07-29 06:30:10.970676,5,,,,,,,
60,AFFLYINGBLUE,Primus,2024-07-20 19:30:08.177425,2024-07-29 05:30:08.926203,3,,,,,,,
60,AFFLYINGBLUE,RETAIL,2024-06-01 19:45:07.175478,2024-07-25 04:30:07.22912,3,738,0.01210000000000000000,0.01100000000000000000,RETAIL,20.000,2022-08-26,
60,ETHGUEST,AFFLUENT,2024-06-01 19:15:07.76146,2024-07-24 14:30:09.376712,13,736,0.01440000000000000000,0.01200000000000000000,AFFLUENT,10.000,2022-08-26,
60,ETHGUEST,Atlas,2024-06-13 12:45:07.101022,2024-07-28 14:45:11.428726,33,,,,,,,
60,ETHGUEST,Burgundy Private,2024-06-05 03:30:08.100764,2024-07-08 10:15:07.339769,6,736,0.01440000000000000000,0.01200000000000000000,Burgundy Private,1.250,2023-09-01,
60,ETHGUEST,HNI,2024-06-01 20:00:06.708286,2024-07-28 08:00:07.845844,80,736,0.01440000000000000000,0.01200000000000000000,HNI,2.500,2023-09-01,
60,ETHGUEST,Horizon,2024-07-17 21:45:07.738765,2024-07-29 18:45:08.783235,6,,,,,,,
60,ETHGUEST,IOCL,2024-07-17 16:45:11.347023,2024-07-18 13:15:07.878926,2,,,,,,,
60,ETHGUEST,Magnus Burgundy,2024-06-01 16:00:11.877683,2024-07-28 06:00:08.789336,74,736,0.01440000000000000000,0.01200000000000000000,Magnus Burgundy,1.250,2023-09-01,
60,ETHGUEST,MILE,2024-06-01 17:30:20.496717,2024-06-07 05:15:09.362986,2,736,0.01440000000000000000,0.01200000000000000000,MILE,0.500,2022-06-01,
60,ETHGUEST,Non Magnus Burgundy,2024-06-05 06:30:07.959421,2024-06-28 12:00:06.772283,4,736,0.01440000000000000000,0.01200000000000000000,Non Magnus Burgundy,1.250,2023-09-01,
60,ETHGUEST,Olympus,2024-07-18 14:30:11.313439,2024-07-23 06:00:06.650671,7,,,,,,,
60,ETHGUEST,RETAIL,2024-06-12 14:30:07.980871,2024-07-11 18:15:06.423069,7,736,0.01440000000000000000,0.01200000000000000000,RETAIL,20.000,2022-08-26,
60,IHGREWARDSCLUB,AFFLUENT,2024-06-20 15:15:07.666064,2024-07-29 15:15:10.581593,15,739,0.00840000000000000000,0.00700000000000000000,AFFLUENT,10.000,2022-08-26,
60,IHGREWARDSCLUB,Atlas,2024-06-20 15:00:08.331231,2024-07-29 06:15:06.666837,9,,,,,,,
60,IHGREWARDSCLUB,Burgundy Private,2024-06-03 18:15:09.623809,2024-07-27 16:15:08.140255,12,739,0.00840000000000000000,0.00700000000000000000,Burgundy Private,1.250,2023-09-01,
60,IHGREWARDSCLUB,HNI,2024-06-04 11:45:09.072987,2024-07-28 08:30:09.962171,53,739,0.00840000000000000000,0.00700000000000000000,HNI,2.500,2023-09-01,
60,IHGREWARDSCLUB,Horizon,2024-07-17 12:15:08.112123,2024-07-22 14:45:06.37888,6,,,,,,,
60,IHGREWARDSCLUB,Magnus Burgundy,2024-06-12 12:15:10.281921,2024-07-17 11:45:07.578818,9,739,0.00840000000000000000,0.00700000000000000000,Magnus Burgundy,1.250,2023-09-01,
60,IHGREWARDSCLUB,MILE,2024-06-03 11:30:07.917772,2024-06-07 05:15:08.035318,3,739,0.00840000000000000000,0.00700000000000000000,MILE,0.500,2022-06-01,
60,IHGREWARDSCLUB,Non Magnus Burgundy,2024-07-26 09:45:06.955509,2024-07-26 09:45:06.955509,1,739,0.00840000000000000000,0.00700000000000000000,Non Magnus Burgundy,1.250,2023-09-01,
60,IHGREWARDSCLUB,Olympus,2024-07-18 14:45:07.009763,2024-07-26 05:30:09.608907,4,,,,,,,
60,IHGREWARDSCLUB,RETAIL,2024-07-11 16:15:12.14133,2024-07-28 05:15:11.592815,4,739,0.00840000000000000000,0.00700000000000000000,RETAIL,20.000,2022-08-26,
60,JALMILEAGEBANK,Atlas,2024-06-09 16:00:09.407806,2024-07-26 03:30:08.581037,14,,,,,,,
60,JALMILEAGEBANK,HNI,2024-06-02 11:30:11.847354,2024-07-27 20:45:06.95004,13,749,0.02250000000000000000,0.01900000000000000000,HNI,2.500,2023-09-01,
60,JALMILEAGEBANK,Horizon,2024-07-17 13:15:08.165537,2024-07-17 13:15:08.165537,1,,,,,,,
60,JALMILEAGEBANK,Magnus Burgundy,2024-06-01 02:30:10.048269,2024-07-29 16:30:07.277311,103,749,0.02250000000000000000,0.01900000000000000000,Magnus Burgundy,1.250,2023-09-01,
60,JALMILEAGEBANK,MILE,2024-06-02 06:15:09.979846,2024-06-07 16:00:18.676708,2,749,0.02250000000000000000,0.01900000000000000000,MILE,0.500,2023-04-05,
60,JALMILEAGEBANK,Non Magnus Burgundy,2024-06-05 06:30:08.783801,2024-07-26 09:30:10.592251,13,749,0.02250000000000000000,0.01900000000000000000,Non Magnus Burgundy,1.250,2023-09-01,
60,JALMILEAGEBANK,Olympus,2024-07-18 17:15:07.722124,2024-07-28 07:30:11.110274,3,,,,,,,
60,MIMARRIOTTBONVOY,AFFLUENT,2024-06-02 09:00:07.176691,2024-07-30 04:15:06.584577,69,520,0.01310000000000000000,0.01250000000000000000,AFFLUENT,10.000,2022-08-26,
60,MIMARRIOTTBONVOY,Atlas,2024-06-10 18:45:12.161475,2024-07-28 11:30:09.441669,55,,,,,,,
60,MIMARRIOTTBONVOY,Burgundy Private,2024-06-01 13:45:06.683311,2024-07-23 13:30:09.544386,48,520,0.01310000000000000000,0.01250000000000000000,Burgundy Private,1.250,2023-09-01,
60,MIMARRIOTTBONVOY,HNI,2024-06-01 01:45:07.573589,2024-07-29 14:15:08.149672,512,520,0.01310000000000000000,0.01250000000000000000,HNI,2.500,2023-09-01,
60,MIMARRIOTTBONVOY,Horizon,2024-06-27 10:00:07.389463,2024-07-28 19:00:06.585689,19,,,,,,,
60,MIMARRIOTTBONVOY,IOCL,2024-07-25 04:45:08.229498,2024-07-28 10:15:08.486009,4,,,,,,,
60,MIMARRIOTTBONVOY,Magnus Burgundy,2024-06-01 07:00:11.019227,2024-07-30 01:15:06.577185,250,520,0.01310000000000000000,0.01250000000000000000,Magnus Burgundy,1.250,2023-09-01,
60,MIMARRIOTTBONVOY,MILE,2024-06-04 09:45:07.525071,2024-06-04 09:45:07.525071,1,520,0.01310000000000000000,0.01250000000000000000,MILE,2.000,2022-06-01,
60,MIMARRIOTTBONVOY,Non Magnus Burgundy,2024-06-09 11:30:10.490883,2024-07-25 07:15:08.071808,13,520,0.01310000000000000000,0.01250000000000000000,Non Magnus Burgundy,1.250,2023-09-01,
60,MIMARRIOTTBONVOY,Olympus,2024-07-17 17:30:07.50945,2024-07-29 06:30:10.085265,8,,,,,,,
60,MIMARRIOTTBONVOY,Primus,2024-07-23 13:30:10.43725,2024-07-25 04:00:08.122306,2,,,,,,,
60,MIMARRIOTTBONVOY,RETAIL,2024-06-01 16:00:10.472768,2024-07-29 11:30:07.309288,24,520,0.01310000000000000000,0.01250000000000000000,RETAIL,20.000,2022-08-26,
60,QFQANTAS,AFFLUENT,2024-07-18 03:30:07.964205,2024-07-22 02:30:08.169319,3,745,0.01200000000000000000,0.01000000000000000000,AFFLUENT,10.000,2023-04-05,
60,QFQANTAS,Atlas,2024-06-17 16:00:07.14213,2024-07-25 15:15:10.184877,13,,,,,,,
60,QFQANTAS,Burgundy Private,2024-06-01 09:30:09.113279,2024-07-17 21:30:09.154642,4,745,0.01200000000000000000,0.01000000000000000000,Burgundy Private,1.250,2023-09-01,
60,QFQANTAS,HNI,2024-06-01 16:30:11.300775,2024-07-29 12:15:10.413356,31,745,0.01200000000000000000,0.01000000000000000000,HNI,2.500,2023-09-01,
60,QFQANTAS,IOCL,2024-07-23 00:15:06.234774,2024-07-23 00:15:06.234774,1,,,,,,,
60,QFQANTAS,Magnus Burgundy,2024-06-05 11:45:08.304219,2024-07-29 04:30:08.37418,98,745,0.01200000000000000000,0.01000000000000000000,Magnus Burgundy,1.250,2023-09-01,
60,QFQANTAS,MILE,2024-06-01 07:15:06.81057,2024-06-01 07:15:06.81057,1,745,0.01200000000000000000,0.01000000000000000000,MILE,0.500,2023-04-05,
60,QFQANTAS,Non Magnus Burgundy,2024-06-14 16:15:11.091559,2024-07-18 15:00:16.113083,11,745,0.01200000000000000000,0.01000000000000000000,Non Magnus Burgundy,1.250,2023-09-01,
60,TGROYALORCHIDPLUS,AFFLUENT,2024-06-05 19:00:09.417835,2024-07-28 14:45:12.556582,3,876,0.01500000000000000000,0.01250000000000000000,AFFLUENT,10.000,2023-04-05,
60,TGROYALORCHIDPLUS,Atlas,2024-07-14 14:30:08.45502,2024-07-25 19:00:07.359903,2,,,,,,,
60,TGROYALORCHIDPLUS,Burgundy Private,2024-06-11 02:15:07.470321,2024-06-19 17:30:11.249452,2,876,0.01500000000000000000,0.01250000000000000000,Burgundy Private,1.250,2023-09-01,
60,TGROYALORCHIDPLUS,HNI,2024-06-12 14:00:08.639703,2024-07-27 17:30:11.791944,15,876,0.01500000000000000000,0.01250000000000000000,HNI,2.500,2023-09-01,
60,TGROYALORCHIDPLUS,Magnus Burgundy,2024-06-02 07:00:09.36689,2024-07-07 09:30:08.977934,5,876,0.01500000000000000000,0.01250000000000000000,Magnus Burgundy,1.250,2023-09-01,
60,TGROYALORCHIDPLUS,MILE,2024-06-01 13:15:08.237557,2024-06-06 20:00:07.910405,3,876,0.01500000000000000000,0.01250000000000000000,MILE,0.500,2023-04-05,
60,TGROYALORCHIDPLUS,Non Magnus Burgundy,2024-06-20 09:00:09.746582,2024-06-20 09:00:09.746582,1,876,0.01500000000000000000,0.01250000000000000000,Non Magnus Burgundy,1.250,2023-09-01,
60,TGROYALORCHIDPLUS,RETAIL,2024-07-19 06:15:06.981127,2024-07-24 08:45:07.860061,3,876,0.01500000000000000000,0.01250000000000000000,RETAIL,20.0000,2023-04-05,
60,UAMILEAGEPLUS,AFFLUENT,2024-07-11 12:30:09.725844,2024-07-28 03:00:08.248557,5,737,0.01800000000000000000,0.01400000000000000000,AFFLUENT,10.000,2022-08-26,
60,UAMILEAGEPLUS,Atlas,2024-06-09 13:15:08.080289,2024-07-29 14:15:06.18331,61,,,,,,,
60,UAMILEAGEPLUS,Burgundy Private,2024-06-04 18:00:09.098947,2024-07-28 03:00:09.095522,32,737,0.01800000000000000000,0.01400000000000000000,Burgundy Private,1.250,2023-09-01,
60,UAMILEAGEPLUS,HNI,2024-06-01 07:00:10.220366,2024-07-30 03:45:06.929396,88,737,0.01800000000000000000,0.01400000000000000000,HNI,2.500,2023-09-01,
60,UAMILEAGEPLUS,IOCL,2024-07-19 12:15:10.346814,2024-07-19 12:15:10.346814,1,,,,,,,
60,UAMILEAGEPLUS,Magnus Burgundy,2024-06-01 04:30:08.169819,2024-07-29 14:45:06.558854,315,737,0.01800000000000000000,0.01400000000000000000,Magnus Burgundy,1.250,2023-09-01,
60,UAMILEAGEPLUS,Magnus Burgundy Private,2024-07-21 17:30:07.543515,2024-07-21 17:30:07.543515,1,,,,,,,
60,UAMILEAGEPLUS,MILE,2024-06-02 01:30:08.100066,2024-06-07 10:45:08.673196,13,737,0.01800000000000000000,0.01400000000000000000,MILE,0.500,2022-06-01,
60,UAMILEAGEPLUS,Non Magnus Burgundy,2024-06-04 11:30:10.45289,2024-07-25 07:30:07.993663,17,737,0.01800000000000000000,0.01400000000000000000,Non Magnus Burgundy,1.250,2023-09-01,
60,UAMILEAGEPLUS,Olympus,2024-07-19 17:30:07.926976,2024-07-30 04:15:09.398687,12,,,,,,,
60,UAMILEAGEPLUS,RETAIL,2024-06-21 03:45:08.392225,2024-06-21 03:45:08.392225,1,737,0.01800000000000000000,0.01400000000000000000,RETAIL,20.0000,2022-08-26,
60,WHWYNDHAMREWARDS,AFFLUENT,2024-07-27 12:00:07.637744,2024-07-27 12:00:07.637744,1,744,0.01440000000000000000,0.01200000000000000000,AFFLUENT,10.000,2023-04-05,
60,WHWYNDHAMREWARDS,Atlas,2024-06-24 18:45:07.067606,2024-07-28 18:30:07.855136,3,,,,,,,
60,WHWYNDHAMREWARDS,HNI,2024-06-13 11:15:08.93986,2024-07-22 16:30:11.438922,6,744,0.01440000000000000000,0.01200000000000000000,HNI,2.500,2023-09-01,
60,WHWYNDHAMREWARDS,Magnus Burgundy,2024-06-08 12:00:10.989485,2024-07-19 13:45:08.097421,19,744,0.01440000000000000000,0.01200000000000000000,Magnus Burgundy,1.250,2023-09-01,
60,WHWYNDHAMREWARDS,MILE,2024-06-02 05:30:09.651723,2024-06-02 05:30:09.651723,1,744,0.01440000000000000000,0.01200000000000000000,MILE,0.500,2023-04-05,
62,MIMARRIOTTBONVOY,,2024-06-01 01:06:18.912567,2024-07-28 19:31:54.059224,192,522,0.00970000000000000000,0.00950000000000000000,,1.0000,2021-05-03,
64,ACCORLECLUB,,2024-06-23 14:56:29.422854,2024-07-25 13:56:19.628985,8,671,0.02607519434168282785,0.02172932861806902321,,2.0000,2022-10-03,
64,AFFLYINGBLUE,,2024-06-02 14:08:36.475488,2024-07-30 01:40:53.289369,825,674,0.01320000000000000000,0.01200000000000000000,,1.2500,2022-06-28,
64,AVLIFEMILES,,2024-06-01 16:10:09.247426,2024-07-16 16:51:28.042088,8,717,0.01400000000000000000,0.01250000000000000000,,1.2500,2022-06-28,
64,BAAVIOS,,2024-06-02 00:56:25.389024,2024-07-30 01:31:47.674215,233,1113,,,,,2022-06-28,
64,EIAERCLUB,,2024-06-12 00:25:34.037417,2024-07-26 12:29:31.847306,8,1111,,,,,2022-06-28,
64,EKSKYWARDS_V2,,2024-06-04 13:06:45.171397,2024-07-29 11:53:00.137911,53,,,,,,,
64,EVAINFML,,2024-06-05 05:09:39.687386,2024-07-29 02:01:33.283466,33,658,0.01300000000000000000,0.01160000000000000000,,1.2500,2022-06-28,
64,IBIBERIAPLUS,,2024-06-09 12:46:42.768423,2024-07-29 15:11:00.911664,13,1112,,,,,2022-06-28,
64,QFQANTAS,,2024-06-01 22:56:55.23215,2024-07-30 01:00:02.533376,149,664,0.01150000000000000000,0.01000000000000000000,,1.0000,2022-06-28,
64,QRPRIVILEGECLUB,,2024-06-02 09:48:37.30931,2024-07-24 18:27:26.474768,19,655,0.01600000000000000000,0.01400000000000000000,,1.2500,2022-04-29,
64,TKMILESANDSMILES,,2024-06-03 08:26:15.176767,2024-07-28 23:04:41.421039,20,662,0.01640000000000000000,0.01420000000000000000,,1.2500,2024-01-01,
64,TPMILESANDGO,,2024-06-11 00:48:09.335154,2024-07-29 09:44:30.940864,5,626,0.01050000000000000000,0.00950000000000000000,,1.0000,2022-06-28,
64,WHWYNDHAMREWARDS,,2024-07-19 00:40:57.862237,2024-07-19 00:40:57.862237,1,646,0.01350000000000000000,0.01200000000000000000,,1.2500,2022-06-28,
66,AABIG,,2024-06-04 09:34:07.76346,2024-07-29 06:20:30.796753,25,,,,,,,
66,ACAEROPLAN,,2024-06-05 17:39:54.415205,2024-07-29 05:13:50.982699,14,2534,0.01447109940559959191,0.01230043449475965313,,3.5000,2023-11-09,
66,ACCORLECLUB,,2024-06-06 07:08:11.634962,2024-07-28 16:12:43.317025,24,840,0.02607519434168282785,0.02172932861806902321,,5.0000,2023-05-11,
66,AFFLYINGBLUE,,2024-06-01 01:55:54.051966,2024-07-28 09:44:24.081903,49,837,0.01210000000000000000,0.01100000000000000000,,2.5000,2023-05-11,
66,BAAVIOS,,2024-06-01 05:09:10.762406,2024-07-29 14:03:49.498802,200,,,,,,,
66,CXASIAMILES,,2024-06-01 02:21:21.269964,2024-07-30 00:14:38.042838,221,,,,,,,
66,ETHGUEST,,2024-06-08 02:54:47.08257,2024-07-28 20:37:52.61277,7,,,,,,,
66,EVAINFML,,2024-06-01 03:14:45.12417,2024-07-30 02:17:38.759131,152,832,0.01300000000000000000,0.01160000000000000000,,2.5000,2023-05-11,
66,IHGREWARDSCLUB,,2024-06-01 03:02:34.199531,2024-07-29 04:23:49.872608,23,819,0.00840000000000000000,0.00700000000000000000,,2.5000,2023-05-11,
66,JALMILEAGEBANK,,2024-06-06 01:58:58.604882,2024-07-26 09:04:24.132765,5,2535,0.02200000000000000000,0.01900000000000000000,,5.0000,2023-11-09,
66,MIMARRIOTTBONVOY,,2024-06-01 02:25:46.413985,2024-07-29 02:57:11.282582,93,816,0.00900000000000000000,0.00877500000000000000,,2.5000,2023-05-11,
66,QFQANTAS,,2024-06-02 23:48:06.869811,2024-07-29 14:01:04.596313,28,810,0.01200000000000000000,0.01000000000000000000,,2.5000,2023-05-11,
66,QRPRIVILEGECLUB,,2024-06-04 14:25:25.401335,2024-07-30 03:46:41.058294,36,2532,0.01650000000000000000,0.01400000000000000000,,3.5000,2023-11-09,
66,SQKF,,2024-06-01 00:04:44.787347,2024-07-30 04:27:19.392284,11042,,,,,,,
66,TGROYALORCHIDPLUS,,2024-06-01 02:15:06.058844,2024-07-26 06:10:24.986945,6,2536,0.01500000000000000000,0.01250000000000000000,,3.0000,2023-11-09,
66,TKMILESANDSMILES,,2024-06-12 14:44:56.143312,2024-07-26 10:29:28.346373,16,2533,0.01640000000000000000,0.01420000000000000000,,3.5000,2024-01-01,
66,UAMILEAGEPLUS,,2024-06-07 15:23:49.733901,2024-07-26 02:29:53.199958,7,3227,0.01750000000000000000,0.01500000000000000000,,3.5000,2024-02-28,
66,UKCLUBVISTARA,,2024-06-20 15:03:34.45683,2024-07-29 16:37:00.962529,4,1342,0.01800000000000000000,0.01500000000000000000,,4.0000,2023-11-09,
66,VNLOTUSMILES,,2024-06-30 10:33:48.654773,2024-07-06 13:23:06.411393,3,835,0.01200000000000000000,0.01050000000000000000,,2.5000,2023-05-11,
67,ACAEROPLAN,,2024-06-01 06:31:02.329106,2024-07-29 16:53:20.69711,67,629,0.01410932192045960212,0.01230043449475965313,,0.0500,2021-10-27,
67,ACCORLECLUB,,2024-06-01 01:58:42.844089,2024-07-29 14:01:05.628469,637,639,0.02205526854734005856,0.01846992932535866973,,0.0500,2022-07-01,
67,AFFLYINGBLUE,,2024-06-01 09:06:08.198201,2024-07-30 03:42:55.486595,49,616,0.01100000000000000000,0.01050000000000000000,,0.0500,2021-10-27,
67,AYFINNAIRPLUS,,2024-06-07 09:40:39.587901,2024-07-29 05:55:04.572903,65,654,0.01200000000000000000,0.01000000000000000000,,0.0500,2024-05-01,
67,EKSKYWARDS_V2,,2024-06-01 03:51:58.755556,2024-07-30 04:21:46.9534,239,,,,,,,
67,ETHGUEST,,2024-06-28 18:06:49.011573,2024-07-24 11:38:30.891524,3,,,,,,,
67,EVAINFML,,2024-06-01 02:14:37.517888,2024-07-30 00:31:23.47618,148,623,0.01300000000000000000,0.01160000000000000000,,0.0500,2021-10-27,
67,IHGREWARDSCLUB,,2024-06-01 11:52:09.36375,2024-07-26 14:06:48.236563,41,619,0.00800000000000000000,0.00700000000000000000,,0.0500,2021-10-27,
67,MIMARRIOTTBONVOY,,2024-06-02 01:22:39.331584,2024-07-29 12:39:42.028168,167,611,0.00900000000000000000,0.00877500000000000000,,0.0500,2021-10-27,
67,QFQANTAS,,2024-06-02 01:35:03.494114,2024-07-29 13:51:38.002857,79,615,0.01150000000000000000,0.01000000000000000000,,0.0500,2021-10-27,
67,QRPRIVILEGECLUB,,2024-06-01 03:12:50.726346,2024-07-30 02:43:56.570721,257,620,0.01600000000000000000,0.01400000000000000000,,0.0500,2021-10-27,
67,TKMILESANDSMILES,,2024-06-01 08:00:49.086065,2024-07-29 05:16:07.116604,57,622,,0.01420000000000000000,,,2024-01-01,
67,VNLOTUSMILES,,2024-06-22 22:35:01.147232,2024-07-23 14:22:48.094472,3,613,0.01200000000000000000,0.01050000000000000000,,0.0500,2021-10-27,
68,AFFLYINGBLUE,,2024-06-01 12:27:02.792696,2024-07-29 16:47:27.872622,317,675,0.01270000000000000000,0.01150000000000000000,,2,2022-07-18,
68,AYFINNAIRPLUS,,2024-06-02 21:37:16.019624,2024-07-29 15:25:04.259468,28,652,0.01200000000000000000,0.01000000000000000000,,2,2024-05-01,
68,BAAVIOS,,2024-06-01 01:03:04.770378,2024-07-29 23:46:50.233964,48360,752,,,,,2022-07-18,
68,CXASIAMILES,,2024-06-01 10:18:44.22359,2024-07-30 02:15:18.92817,826,568,,,,,2022-07-18,
68,EKSKYWARDS_V2,,2024-06-01 06:39:54.343594,2024-07-29 22:51:49.670282,1146,,,,,,,
68,ETHGUEST,,2024-06-02 15:24:01.126252,2024-07-29 17:43:32.044165,141,,,,,,,
68,EVAINFML,,2024-06-01 20:16:06.884616,2024-07-26 15:02:26.97662,31,656,0.01300000000000000000,0.01160000000000000000,,2,2022-07-18,
68,IHGREWARDSCLUB,,2024-06-01 12:09:45.22752,2024-06-30 22:59:59.638371,202,635,0.00800000000000000000,0.00700000000000000000,,2,2022-07-18,
68,QFQANTAS,,2024-06-01 23:27:06.200161,2024-07-29 20:39:33.955681,293,663,0.01150000000000000000,0.01000000000000000000,,2,2022-07-18,
68,SQKF,,2024-06-02 12:53:59.776952,2024-07-29 23:26:33.118977,446,1108,,,,,2022-07-18,
68,TPMILESANDGO,,2024-06-01 11:59:03.565412,2024-07-27 18:25:50.490537,60,625,0.01100000000000000000,0.00950000000000000000,,2,2022-07-18,
68,WHWYNDHAMREWARDS,,2024-06-25 19:06:08.640133,2024-07-24 20:23:11.962251,8,645,0.01350000000000000000,0.01200000000000000000,,2,2022-07-18,
69,ACAEROPLAN,,2024-06-06 21:20:43.764513,2024-07-26 11:32:03.710026,17,630,0.01410932192045960212,0.01230043449475965313,,2.2222,2021-10-18,
69,ACCORLECLUB,,2024-06-10 21:36:33.77261,2024-07-24 15:47:09.382938,5,670,0.02498872791077937669,0.02172932861806902321,,3.3333,2021-10-18,
69,AFFLYINGBLUE,,2024-06-06 15:05:29.456718,2024-07-29 00:34:23.542992,23,673,0.01270000000000000000,0.01150000000000000000,,1.6667,2021-10-18,
69,IHGREWARDSCLUB,,2024-06-04 16:00:33.557357,2024-07-29 22:48:59.214537,42,634,0.00800000000000000000,0.00700000000000000000,,1.0000,2021-10-18,
69,QFQANTAS,,2024-06-26 21:52:03.778521,2024-06-26 21:52:03.778521,1,665,0.01150000000000000000,0.01000000000000000000,,1.5385,2021-10-18,
69,QRPRIVILEGECLUB,,2024-06-05 18:32:39.429893,2024-07-24 22:13:23.083855,9,640,0.01600000000000000000,0.01400000000000000000,,2.2222,2021-10-18,
69,TKMILESANDSMILES,,2024-06-12 17:22:35.100291,2024-07-23 00:53:39.574829,3,661,,0.01420000000000000000,Mass,,2024-01-01,
69,WHWYNDHAMREWARDS,,2024-06-05 01:39:45.710693,2024-07-30 03:13:25.362323,6,647,0.01350000000000000000,0.01200000000000000000,,1.6667,2021-10-18,
72,AABIG,,2024-06-01 07:24:14.797164,2024-07-30 04:23:09.564259,754,,,,,,,
72,ACCORLECLUB,,2024-06-02 07:58:44.78877,2024-07-29 02:57:31.096628,17,839,0.02607519434168282785,0.02172932861806902321,,70.000,2023-05-16,
72,AFFLYINGBLUE,,2024-07-20 11:12:08.735938,2024-07-20 11:12:08.735938,1,838,0.01210000000000000000,0.01100000000000000000,,35.000,2023-05-16,
72,BAAVIOS,,2024-06-06 02:14:06.209855,2024-07-29 07:41:28.491799,15,,,,,,,
72,CXASIAMILES,,2024-06-03 08:38:38.13588,2024-07-21 03:23:44.348206,15,,,,,,,
72,ETHGUEST,,2024-06-08 11:07:01.385266,2024-07-25 07:37:00.163832,7,,,,,,,
72,EVAINFML,,2024-07-11 02:57:40.362316,2024-07-11 02:57:40.362316,1,833,0.01350000000000000000,0.01160000000000000000,,40.0000,2023-05-16,
72,IHGREWARDSCLUB,,2024-06-01 17:16:39.269227,2024-07-29 03:26:03.835068,23,817,0.00840000000000000000,0.00700000000000000000,,25.000,2023-05-16,
72,JALMILEAGEBANK,,2024-06-17 13:52:47.694935,2024-07-25 16:20:43.874903,6,851,0.02200000000000000000,0.01900000000000000000,,60.000,2023-05-16,
72,MHENRICH,,2024-06-01 00:06:44.912627,2024-07-30 04:17:23.963543,615,,,,,,,
72,MIMARRIOTTBONVOY,,2024-06-01 13:55:25.467054,2024-07-30 02:12:03.297775,131,814,0.00900000000000000000,0.00877500000000000000,,,2023-05-16,
72,QFQANTAS,,2024-06-02 14:49:16.441359,2024-07-13 03:43:49.535341,2,808,0.01200000000000000000,0.01000000000000000000,,35.000,2023-05-16,
72,QRPRIVILEGECLUB,,2024-06-01 09:07:36.834936,2024-07-29 03:43:15.915857,27,830,0.01600000000000000000,0.01400000000000000000,,45.000,2023-05-16,
72,SQKF,,2024-06-01 07:16:08.925296,2024-07-30 04:35:20.064738,182,,,,,,,
72,TGROYALORCHIDPLUS,,2024-06-02 21:38:05.933288,2024-07-29 07:42:28.59579,6,842,0.01500000000000000000,0.01250000000000000000,,45.000,2023-05-16,
72,TKMILESANDSMILES,,2024-06-27 02:23:26.726335,2024-07-18 03:37:27.965462,5,825,0.01640000000000000000,0.01420000000000000000,,45.000,2024-01-01,
72,WHWYNDHAMREWARDS,,2024-07-08 02:52:32.764206,2024-07-08 02:52:32.764206,1,828,0.01400000000000000000,0.01200000000000000000,,40.000,2023-05-16,
75,AABIG,,2024-06-01 06:15:11.678329,2024-07-28 04:06:40.438242,18,,,,,,,
75,ACCORLECLUB,,2024-06-04 09:25:40.870358,2024-07-23 07:04:21.70943,18,841,0.02607519434168282785,0.02172932861806902321,,120.000,2023-05-19,
75,BAAVIOS,,2024-06-02 15:16:40.694597,2024-07-12 13:51:12.487083,2,,,,,,,
75,CXASIAMILES,,2024-06-07 12:19:26.894878,2024-07-29 13:36:35.041743,11,,,,,,,
75,ETHGUEST,,2024-07-13 10:28:33.589521,2024-07-13 10:28:33.589521,1,,,,,,,
75,EVAINFML,,2024-06-12 04:56:27.52024,2024-07-01 10:04:53.327558,3,834,0.01350000000000000000,0.01160000000000000000,,65.0000,2023-05-19,
75,IHGREWARDSCLUB,,2024-06-21 11:55:27.197249,2024-07-30 04:19:48.751566,6,818,0.00840000000000000000,0.00700000000000000000,,35.000,2023-05-19,
75,MIMARRIOTTBONVOY,,2024-06-09 13:43:23.610539,2024-07-26 20:35:40.087126,24,815,0.00900000000000000000,0.00877500000000000000,,,2023-05-19,
75,QRPRIVILEGECLUB,,2024-06-10 18:13:15.826446,2024-07-29 01:44:34.675214,12,831,0.01600000000000000000,0.01400000000000000000,,80.000,2023-05-19,
75,SQKF,,2024-06-03 09:34:27.721784,2024-06-25 03:14:13.644611,5,,,,,,,
75,TKMILESANDSMILES,,2024-06-04 06:03:24.282183,2024-06-10 03:13:38.401219,7,826,0.01640000000000000000,0.01420000000000000000,,70.000,2024-01-01,
75,UAMILEAGEPLUS,,2024-06-12 07:17:34.756737,2024-06-12 07:17:34.756737,1,823,0.01800000000000000000,0.01400000000000000000,,85.000,2023-05-19,
75,VNLOTUSMILES,,2024-06-01 02:03:04.947795,2024-07-29 16:20:03.634964,328,,,,,,,
79,MIMARRIOTTBONVOY,,2024-06-01 01:13:10.453395,2024-07-30 04:08:26.597991,1308,580,0.01025000000000000000,0.01000000000000000000,,1.3000,2023-09-16,
80,ACCORLECLUB,,2024-06-12 11:05:32.386932,2024-07-24 18:03:23.654226,21,,,,,,,
80,ETHGUEST,,2024-06-12 11:04:31.878156,2024-06-12 11:05:25.116716,2,,,,,,,
80,MIMARRIOTTBONVOY,,2024-06-05 03:32:44.668507,2024-07-27 09:38:41.741985,20,781,0.01120000000000000000,0.01050000000000000000,,2.000,2024-03-13,
80,QRPRIVILEGECLUB,,2024-06-12 11:06:00.15945,2024-07-22 08:16:18.260168,12,,,,,,,
80,UAMILEAGEPLUS,,2024-06-20 00:19:12.728623,2024-07-26 23:57:34.740199,7,905,0.01700000000000000000,0.01400000000000000000,,3.000,2024-03-13,
80,VAVELOCITYFREQUENTFLYER,,2024-06-01 00:26:01.265327,2024-07-30 04:17:55.760785,1292,,,,,,,
80,VMACASHBACK,,2024-06-01 00:06:01.979318,2024-07-30 03:39:19.164561,1923,,,,,,,
85,ANZREWARDS_CREDITCARD_CASHBACK,,2024-06-01 00:13:51.005519,2024-07-30 04:37:38.400658,14838,,,,,,,
85,ANZREWARDS_TRANSACTIONACCOUNT_CASHBACK,,2024-06-01 00:03:45.222166,2024-07-30 04:37:23.455616,4059,,,,,,,
85,CXASIAMILES,,2024-06-01 01:21:58.296516,2024-07-29 09:03:20.530465,284,648,,,,3.0000,2021-08-16,
85,NZAIRPOINTS,,2024-06-01 00:50:24.392346,2024-07-29 09:05:55.120556,175,1098,,,,200.0000,2021-08-16,
85,SQKF,,2024-06-01 02:07:56.076406,2024-07-30 02:51:08.813663,1387,1109,,,,3.0000,2021-08-16,
85,VAVELOCITYFREQUENTFLYER,,2024-06-01 00:02:26.750057,2024-07-30 04:37:04.289778,18778,636,,,,2.0000,2021-08-16,
90,ANZBUSINESSREWARDS_CREDITCARD_CASHBACK,,2024-06-01 02:32:41.45344,2024-07-30 04:29:03.45614,683,,,,,,,
90,CXASIAMILES,,2024-06-01 13:20:16.536318,2024-07-21 09:17:26.930567,39,649,,,,3.0000,2021-08-16,
90,NZAIRPOINTS,,2024-06-06 02:58:31.753468,2024-07-27 09:00:10.698751,30,1099,,,,200.0000,2021-08-16,
90,QFQANTAS,,2024-06-01 00:36:24.668373,2024-07-29 22:07:49.173366,6888,602,,,,2.0000,2021-08-16,
90,SQKF,,2024-06-01 09:00:18.222635,2024-07-30 01:40:09.209405,218,1110,,,,3.0000,2021-08-16,
90,VAVELOCITYFREQUENTFLYER,,2024-06-01 01:19:11.217712,2024-07-30 03:39:57.937594,1755,637,,,,2.0000,2021-08-16,
91,IHGREWARDSCLUB,,2024-06-04 12:02:03,2024-07-23 09:09:03,5,643,0.00830000000000000000,0.00700000000000000000,,0.0000,2021-09-13,
92,MIMARRIOTTBONVOY,,2024-06-03 02:07:36,2024-07-26 03:48:07,214,669,0.01127500000000000000,0.01100000000000000000,,20.0000,2022-01-21,
93,AABIG,,2024-06-01 05:40:31.737816,2024-06-11 02:05:26.393834,2,686,0.00740000000000000000,0.00581853790486518124,,1.0000,2021-11-11,
93,ACAEROPLAN,,2024-06-11 13:17:56.436288,2024-07-18 14:28:32.625013,6,682,0.01480000000000000000,0.01230043449475965313,,2.0000,2021-11-11,
93,ACCORLECLUB,,2024-06-02 13:44:29.730929,2024-07-30 02:40:28.975587,48,684,0.03340000000000000000,0.02716166077258627902,,3.5000,2021-11-11,
93,AYFINNAIRPLUS,,2024-06-01 10:05:44.99403,2024-07-28 03:34:05.566779,83,677,0.01150000000000000000,0.01000000000000000000,,1.0000,2024-05-01,
93,ETHGUEST,,2024-06-17 05:31:12.776264,2024-07-22 16:20:44.784381,3,713,0.01260000000000000000,0.01200000000000000000,,1.5000,2021-11-11,
93,EVAINFML,,2024-07-01 08:31:58.06668,2024-07-25 10:06:00.350315,3,678,0.01210000000000000000,0.01160000000000000000,,1.5000,2021-11-11,
93,IHGREWARDSCLUB,,2024-06-05 05:41:38.911642,2024-07-29 00:24:05.367059,45,681,0.00740000000000000000,0.00700000000000000000,,1.0000,2021-11-11,
93,JALMILEAGEBANK,,2024-06-25 12:57:19.162762,2024-06-25 12:57:19.162762,1,679,0.02000000000000000000,0.01900000000000000000,,2.5000,2021-11-11,
93,KESKYPASS,,2024-06-01 00:28:51.011248,2024-07-30 04:36:08.175989,5644,,,,,,,
93,QRPRIVILEGECLUB,,2024-07-12 21:43:56.482319,2024-07-22 21:21:20.113671,4,685,0.01470000000000000000,0.01400000000000000000,,2.0000,2021-11-11,
93,R42_AFFLYINGBLUE,,2024-06-01 06:04:45.169432,2024-07-30 03:44:03.112341,114,,,,,,,
93,R42_CXASIAMILES,,2024-06-02 04:45:02.72071,2024-07-29 22:53:06.591585,128,,,,,,,
93,R42_DLSKYMILES,,2024-06-01 03:05:21.50383,2024-07-30 03:36:46.010723,500,,,,,,,
93,R42_HHHILTONHONORS,,2024-06-01 00:29:54.909604,2024-07-30 04:36:52.309185,5786,,,,,,,
93,R42_MIMARRIOTTBONVOY,,2024-06-01 00:03:35.047649,2024-07-30 04:34:23.213674,1910,,,,,,,
93,R42_SQKF,,2024-06-01 11:13:30.970795,2024-07-26 23:29:36.92526,70,,,,,,,
93,TKMILESANDSMILES,,2024-06-19 05:29:46.33741,2024-07-29 00:47:40.006623,7,688,,0.01420000000000000000,,,2024-01-01,
93,UAMILEAGEPLUS,,2024-06-16 07:40:52.16366,2024-07-29 02:59:04.110292,8,687,0.01580000000000000000,0.01400000000000000000,,2.0000,2021-11-11,
93,VNLOTUSMILES,,2024-06-10 02:10:25.201246,2024-06-28 12:15:41.060207,5,683,0.01100000000000000000,0.01050000000000000000,,1.3000,2021-11-11,
96,ACCORLECLUB,,2024-06-01 18:32:15.953906,2024-07-29 17:57:12.026932,49,733,0.02064286218716557205,0.01846992932535866973,,10.000,2022-03-07,
96,AFFLYINGBLUE,,2024-06-06 22:27:52.530854,2024-07-26 10:54:53.341619,21,720,0.01320000000000000000,0.01200000000000000000,,6.0000,2022-03-07,
96,BAAVIOS,,2024-06-03 15:59:07.942191,2024-07-25 16:48:58.133502,23,740,0.01400000000000000000,0.01250000000000000000,,6.4000,2024-01-01,
96,EKSKYWARDS,,2024-06-01 07:04:41.148033,2024-07-29 22:31:12.07666,171,725,0.02800000000000000000,0.02500000000000000000,,12.000,2022-03-07,
96,ETHGUEST,,2024-06-02 11:05:28.374245,2024-07-16 08:18:01.773647,47,727,0.02100000000000000000,0.01200000000000000000,,9.000,2022-03-07,
96,IHGREWARDSCLUB,,2024-06-01 11:25:54.431962,2024-07-27 12:12:23.997978,80,719,0.00800000000000000000,0.00700000000000000000,,4.0000,2022-03-07,
96,JMJUMEIRAHONE,,2024-07-10 17:28:23.106956,2024-07-10 17:28:23.106956,1,728,0.02100000000000000000,0.01900000000000000000,,9.000,2022-03-07,
96,MIMARRIOTTBONVOY,,2024-06-01 13:12:55.694197,2024-07-29 14:20:06.240834,599,723,0.01120000000000000000,0.01050000000000000000,,5.000,2022-03-07,
96,QRPRIVILEGECLUB,,2024-06-01 03:37:01.152657,2024-07-29 18:39:20.347138,319,726,0.01540000000000000000,0.01400000000000000000,,7.000,2022-03-07,
96,TKMILESANDSMILES,,2024-06-01 18:21:42.846387,2024-07-25 17:12:21.046123,26,724,0.01640000000000000000,0.01420000000000000000,,8.000,2024-01-01,
97,ACAEROPLAN,,2024-06-01 02:32:01.068378,2024-07-30 04:33:49.699915,1578,,,,,,,
97,EVAINFML,,2024-06-09 10:28:58.175698,2024-07-24 03:47:24.746549,20,,,,,,,
97,NZAIRPOINTS,,2024-06-01 00:34:16.237092,2024-07-30 02:06:27.351142,296,,,,,,,
97,SAVOYAGER,,2024-06-24 02:51:52.854748,2024-06-24 02:51:52.854748,2,,,,,,,
97,SQKF,,2024-06-01 01:15:25.017856,2024-07-30 04:17:14.1629,3182,,,,,,,
97,TGROYALORCHIDPLUS,,2024-06-01 04:29:03.419053,2024-07-27 12:31:16.129056,138,,,,,,,
97,UAMILEAGEPLUS,,2024-06-01 09:35:41.712234,2024-07-30 01:23:30.157706,372,,,,,,,
98,AABIG,,2024-06-09 02:00:49.462017,2024-07-16 02:00:51.268117,3,753,0.00850000000000000000,0.00581853790486518124,,25.0000,2022-10-01,
98,AFFLYINGBLUE,,2024-06-19 02:00:50.350469,2024-07-06 02:01:04.714302,2,766,0.01200000000000000000,0.01050000000000000000,,35.0000,2022-10-01,
98,AYFINNAIRPLUS,,2024-06-12 02:00:50.350996,2024-07-17 02:01:01.132939,2,776,0.01250000000000000000,0.01000000000000000000,,30.0000,2024-05-01,
98,IHGREWARDSCLUB,,2024-06-01 02:00:59.462908,2024-07-26 02:00:46.755313,41,767,0.00900000000000000000,0.00700000000000000000,,3.2000,2022-10-01,
98,IHGREWARDSCLUB,,2024-06-01 02:00:59.462908,2024-07-26 02:00:46.755313,41,767,0.00900000000000000000,0.00700000000000000000,,25.0000,2022-10-01,
98,JALMILEAGEBANK,,2024-06-03 02:00:54.608604,2024-07-30 02:00:49.332146,13,772,0.02350000000000000000,0.01900000000000000000,,65.0000,2022-10-01,
98,QRPRIVILEGECLUB,,2024-07-19 02:00:49.745245,2024-07-19 02:00:49.745245,1,793,0.01700000000000000000,0.01400000000000000000,,45.0000,2022-10-01,
98,TGROYALORCHIDPLUS,,2024-06-12 02:00:50.359409,2024-06-12 02:00:50.359409,1,792,0.01550000000000000000,0.01250000000000000000,,40.0000,2022-10-01,
98,TKMILESANDSMILES,,2024-06-03 02:00:54.870827,2024-07-16 02:00:51.161867,6,773,0.01720000000000000000,0.01420000000000000000,,40.0000,2024-01-01,
98,UAMILEAGEPLUS,,2024-06-03 02:00:54.825311,2024-07-02 02:00:54.33248,2,764,0.01850000000000000000,0.01400000000000000000,,50.0000,2022-10-01,
98,VNLOTUSMILES,,2024-07-12 02:00:52.167236,2024-07-12 02:00:52.167236,1,771,0.01300000000000000000,0.01050000000000000000,,35.0000,2022-10-01,
98,WHWYNDHAMREWARDS,,2024-07-06 02:01:04.701395,2024-07-06 02:01:04.701395,1,778,0.01500000000000000000,0.01200000000000000000,,40.0000,2022-10-01,
99,ACCORLECLUB,ocbc,2024-07-01 11:46:41.432009,2024-07-28 09:57:18.166433,5,765,0.02498872791077937669,0.02172932861806902321,ocbc,5.000,2023-03-28,
99,AFFLYINGBLUE,ocbc,2024-06-05 09:22:12.904227,2024-07-24 12:18:56.717914,6,754,0.01210000000000000000,0.01100000000000000000,ocbc,2.500,2023-03-28,
99,AFFLYINGBLUE,travel,2024-06-24 07:48:58.792919,2024-06-24 07:48:58.792919,1,754,0.01210000000000000000,0.01100000000000000000,travel,1.000,2023-03-28,
99,AFFLYINGBLUE,voyage,2024-06-05 08:59:05.87297,2024-06-30 10:18:17.986657,2,754,0.01210000000000000000,0.01100000000000000000,voyage,1.000,2023-03-28,
99,BAAVIOS,ocbc,2024-06-10 09:12:41.159252,2024-07-19 17:13:19.000331,65,853,0.01350000000000000000,0.01250000000000000000,ocbc,2.780,2024-01-01,
99,BAAVIOS,travel,2024-07-03 13:39:21.92218,2024-07-10 13:28:02.609136,6,853,0.01350000000000000000,0.01250000000000000000,travel,1.100,2024-01-01,
99,BAAVIOS,voyage,2024-06-05 17:13:32.05522,2024-07-13 14:19:14.599306,27,853,0.01350000000000000000,0.01250000000000000000,voyage,1.100,2024-01-01,
99,CXASIAMILES,ocbc,2024-07-03 06:59:16.896472,2024-07-19 00:30:02.332005,2,844,0.01580000000000000000,0.01320000000000000000,ocbc,3.450,2022-10-01,
99,CXASIAMILES,travel,2024-06-22 07:13:01.468888,2024-07-09 16:34:59.800682,3,844,0.01580000000000000000,0.01320000000000000000,travel,1.300,2022-10-01,
99,CXASIAMILES,voyage,2024-07-09 11:04:32.299736,2024-07-24 05:58:08.341342,2,844,0.01580000000000000000,0.01320000000000000000,voyage,1.300,2022-10-01,
99,IHGREWARDSCLUB,ocbc,2024-07-05 07:52:39.956536,2024-07-27 03:13:21.176859,4,755,0.00840000000000000000,0.00700000000000000000,ocbc,2.500,2023-03-28,
99,IHGREWARDSCLUB,voyage,2024-06-06 10:48:13.595602,2024-06-06 10:48:13.595602,1,755,0.00840000000000000000,0.00700000000000000000,voyage,1.000,2023-03-28,
99,MIMARRIOTTBONVOY,ocbc,2024-06-24 08:14:05.232151,2024-07-30 04:04:39.359272,47,759,0.01120000000000000000,0.01050000000000000000,ocbc,2.500,2023-03-28,
99,MIMARRIOTTBONVOY,travel,2024-06-08 03:02:02.635421,2024-07-22 22:54:16.297728,6,759,0.01120000000000000000,0.01050000000000000000,travel,1.000,2023-03-28,
99,MIMARRIOTTBONVOY,voyage,2024-06-02 06:36:10.493587,2024-07-29 12:27:36.462797,36,759,0.01120000000000000000,0.01050000000000000000,voyage,1.000,2023-03-28,
99,UAMILEAGEPLUS,voyage,2024-07-13 15:37:42.24997,2024-07-13 15:37:42.24997,1,763,0.01710000000000000000,0.01450000000000000000,voyage,1.400,2023-03-28,
100,ACCORLECLUB,,2024-06-01 09:38:54.162708,2024-07-28 17:34:50.31688,354,791,0.02172932861806902321,0.01846992932535866973,,7.000,2022-11-07,
100,BAAVIOS,,2024-06-07 05:01:41.069612,2024-07-17 23:14:38.35775,6,854,0.01320000000000000000,0.01250000000000000000,,5.000,2024-01-01,
100,BNZCASHBACK,,2024-06-01 00:00:00.304445,2024-07-30 04:35:05.389239,64836,,,,,,,
100,EKSKYWARDS,,2024-06-01 05:43:41.905727,2024-07-30 03:14:52.608834,74,804,0.01800000000000000000,0.01700000000000000000,,6.000,2024-01-01,
100,FLYBUYS,,2024-06-01 00:00:00.455354,2024-07-30 04:33:55.855939,111427,,,,,,,
100,IHGREWARDSCLUB,,2024-06-09 10:21:40.118111,2024-07-26 01:36:43.141597,6,768,0.00800000000000000000,0.00700000000000000000,,3.000,2022-11-07,
100,QFQANTAS,,2024-06-01 02:11:45.629002,2024-07-30 03:52:28.50389,372,777,0.01000000000000000000,0.00850000000000000000,,4.000,2022-11-07,
100,QRPRIVILEGECLUB,,2024-06-03 09:03:41.859261,2024-07-22 21:22:07.332085,5,794,0.01540000000000000000,0.01400000000000000000,,5.000,2022-11-07,
100,UAMILEAGEPLUS,,2024-06-24 18:02:43.925088,2024-07-27 04:58:15.58206,4,795,0.01650000000000000000,0.01400000000000000000,,6.000,2022-11-07,
100,WHWYNDHAMREWARDS,,2024-06-09 00:09:44.446781,2024-06-09 00:09:44.446781,1,780,0.01350000000000000000,0.01200000000000000000,,5.0000,2022-11-07,
104,MIMARRIOTTBONVOY,,2024-06-01 00:06:48,2024-07-30 03:19:39,2425,827,0.01025000000000000000,0.01000000000000000000,,1.000,2022-11-01,
119,AFFLYINGBLUE,,2024-06-15 13:56:16.32007,2024-07-27 06:18:32.663032,6,2830,0.01300000000000000000,0.01200000000000000000,,1.500,2024-03-05,
119,BAAVIOS,,2024-06-04 01:37:56.418519,2024-07-18 12:47:40.634513,5,2834,0.01400000000000000000,0.01250000000000000000,,1.500,2024-03-05,
119,MIMARRIOTTBONVOY,,2024-06-11 14:28:22.27229,2024-07-29 14:55:28.207799,20,2835,0.01120000000000000000,0.01050000000000000000,,1.500,2024-03-05,
119,QFQANTAS,,2024-07-25 13:05:05.678733,2024-07-25 13:05:05.678733,1,2823,0.01100000000000000000,0.01000000000000000000,,1.500,2024-03-05,
119,QRPRIVILEGECLUB,,2024-06-08 19:59:39.090803,2024-06-17 19:20:20.092159,2,2622,0.01500000000000000000,0.01400000000000000000,,1.500,2024-03-05,
185,AABIG,,2024-06-17 11:33:25.986495,2024-07-20 04:11:07.604282,4,2682,0.00668054352040076365,0.00581853790486518124,,1.000,2023-11-10,
185,ACAEROPLAN,,2024-06-04 19:58:35.059631,2024-07-28 07:45:34.624579,25,3232,0.01447109940559959191,0.01230043449475965313,,1.000,2024-02-27,
185,AFFLYINGBLUE,,2024-06-07 00:39:13.050558,2024-07-23 17:24:30.531952,3,2683,0.01320000000000000000,0.01100000000000000000,,1.000,2023-11-10,
185,AVLIFEMILES,,2024-06-06 06:55:43.726604,2024-06-18 07:37:29.538159,4,2684,0.01500000000000000000,0.01250000000000000000,,1.000,2023-11-10,
185,BAAVIOS,,2024-06-03 03:41:20.048657,2024-07-21 01:54:30.07935,21,2685,0.01500000000000000000,0.01250000000000000000,,1.5000,2024-01-01,
185,ETHGUEST,,2024-06-01 03:26:56.924872,2024-07-17 09:14:27.73181,3,2686,0.01440000000000000000,0.01200000000000000000,,1.000,2023-11-10,
185,JALMILEAGEBANK,,2024-07-02 01:40:53.495186,2024-07-21 07:24:52.211301,6,2691,0.02250000000000000000,0.01900000000000000000,,1.500,2023-11-10,
185,QFQANTAS,,2024-06-06 02:36:11.088199,2024-07-25 23:59:48.147249,5,2688,0.01200000000000000000,0.01000000000000000000,,1.000,2023-11-10,
185,QRPRIVILEGECLUB,,2024-06-05 01:43:49.939839,2024-07-25 13:34:44.623405,31,2689,0.01680000000000000000,0.01400000000000000000,,1.500,2023-11-10,
185,SHANGRILA,,2024-06-26 13:32:46.511027,2024-07-05 02:50:06.598494,3,3590,,0.06000000000000000000,,5.000,2024-05-15,
185,TGROYALORCHIDPLUS,,2024-06-03 18:53:44.890471,2024-07-12 16:32:42.734991,4,3231,0.01500000000000000000,0.01250000000000000000,,1.000,2024-02-27,
185,TKMILESANDSMILES,,2024-06-14 11:53:37.341199,2024-07-19 22:27:43.311121,3,2687,0.01700000000000000000,0.01420000000000000000,,1.500,2024-01-01,
185,UKCLUBVISTARA,,2024-07-02 07:21:44.97867,2024-07-02 07:21:44.97867,1,3230,0.01750000000000000000,0.01500000000000000000,,1.500,2024-02-27,
209,ACAEROPLAN,,2024-07-28 12:28:42.46267,2024-07-28 12:28:42.46267,1,3235,0.01447109940559959191,0.01230043449475965313,,1.000,2024-02-27,
209,QRPRIVILEGECLUB,,2024-06-17 09:24:37.374916,2024-07-11 00:41:33.20387,3,3223,0.01680000000000000000,0.01400000000000000000,,1.500,2024-01-29,
216,ACAEROPLAN,,2024-07-13 14:20:26.786112,2024-07-20 05:51:21.067701,8,3442,,0.01447109940559959191,,1.0000,2024-05-07,
216,AFFLYINGBLUE,,2024-06-05 16:41:05.666604,2024-06-05 16:44:44.776283,2,3444,,0.01320000000000000000,,1.0000,2024-05-07,
216,QRPRIVILEGECLUB,,2024-06-30 09:36:40.597841,2024-07-16 07:36:37.91914,2,3453,,0.01680000000000000000,,1.500,2024-05-07,
221,ACAEROPLAN,Miles,2024-07-08 06:18:59.955796,2024-07-08 06:18:59.955796,1,3550,0.01447109940559959191,0.01230043449475965313,,1.000,2024-04-24,
221,ACCORLECLUB,Traveller,2024-07-04 13:10:04.344847,2024-07-04 13:10:04.344847,1,,,,,,,
221,IHGREWARDSCLUB,Travel Credits,2024-06-26 10:10:25.906138,2024-06-26 10:10:25.906138,1,3549,0.00840000000000000000,0.00700000000000000000,,1.000,2024-04-24,
221,IHGREWARDSCLUB,Traveller,2024-07-04 12:39:36.233812,2024-07-04 12:39:36.233812,1,3549,0.00840000000000000000,0.00700000000000000000,,1.000,2024-04-24,
221,QFQANTAS,Miles,2024-07-08 11:33:19.290693,2024-07-08 11:33:19.290693,1,3543,0.01200000000000000000,0.01000000000000000000,,1.000,2024-04-24,
221,QFQANTAS,Travel Credits,2024-06-26 10:12:25.232669,2024-06-26 10:12:25.232669,1,3543,0.01200000000000000000,0.01000000000000000000,,1.000,2024-04-24,
224,QFQANTAS,,2024-06-05 18:27:52.299586,2024-06-25 15:39:33.605796,5,,,,,,,
224,TKMILESANDSMILES,,2024-06-04 14:49:37.805482,2024-07-03 08:39:02.226265,10,,,,,,,
224,TPMILESANDGO,,2024-06-01 16:31:17.944754,2024-07-03 18:11:40.512051,25,,,,,,,
