tc_customer_id,tc_loyalty_program_id,custom_data_product_differentiator,tc_min_created_at,tc_max_created_at,number_of_txns,customer_id,loyalty_program_id,selling_price_usd,cost_per_point_usd,transfer_ratio,start_date,end_date,type_of_partner,tier
3,AFFLYINGBLUE,,2024-06-01 00:23:45.200869,2024-07-29 17:09:58.759802,201,3,AFFLYINGBLUE,0.0178,0.0115,3.5,2023-09-05,3000-10-10,Ascenda Partner,""
3,AMCLUBPREMIER,,2024-06-23 21:43:10.415366,2024-06-24 18:53:32.39436,2,3,AMCLUBPREMIER,0.0197,0.01278,3.5,2024-01-01,3000-10-10,Ascenda Partner,""
3,BAAVIOS,,2024-06-03 11:55:57.970957,2024-07-29 19:45:58.451945,101,3,BAAVIOS,0.019,0.0125,3.5,2024-01-01,3000-10-10,Ascenda Partner,""
3,ETHGUEST,,2024-07-02 00:33:35.359777,2024-07-16 03:37:24.86162,8,3,ETHGUEST,0.0185,0.012,3.5,2023-09-05,3000-10-10,Ascenda Partner,""
3,IBIBERIAPLUS,,2024-06-01 10:25:40.429054,2024-07-30 01:44:53.785077,309,3,IBIBERIAPLUS,0.019,0.0125,3.5,2024-01-01,3000-10-10,Ascenda Partner,""
3,IHGREWARDSCLUB,,2024-06-08 16:10:26.907137,2024-07-28 22:37:07.952715,17,3,IHGREWARDSCLUB,0.0108,0.007,2,2023-09-05,3000-10-10,Ascenda Partner,""
3,UAMILEAGEPLUS,,2024-06-01 19:21:28.170828,2024-07-29 17:24:00.136128,238,3,UAMILEAGEPLUS,0.0232,0.014,4,2022-09-23,3000-10-10,Ascenda Partner,""
5,AABIG,,2024-06-22 13:23:51,2024-06-22 14:20:00,2,5,AABIG,0.00875707128,0.0058188429,32,2018-04-16,3000-10-10,Ascenda Partner,""
5,ABFLIGGY,,2024-06-01 02:56:43,2024-07-30 04:17:21,706,5,ABFLIGGY,0.0019276572,0.002065347,9,2020-09-27,3000-10-10,Ascenda Partner,""
5,ABFLIGGY,,2024-06-01 02:56:43,2024-07-30 04:17:21,706,5,ABFLIGGY,0.0024784164,0.002065347,9,2020-09-27,3000-10-10,Ascenda Partner,""
5,ACAEROPLAN,,2024-06-01 02:43:48,2024-07-29 12:27:06,103,5,ACAEROPLAN,0.01376898,0.010826775,50,2019-02-25,3000-10-10,Ascenda Partner,""
5,ACCORLECLUB,,2024-06-04 04:49:26,2024-07-29 17:39:51,38,5,ACCORLECLUB,0.026161062,0.01838975,95,2022-08-01,3000-10-10,Ascenda Partner,""
5,AFFLYINGBLUE,,2024-06-01 02:56:15,2024-07-30 04:02:33,2162,5,AFFLYINGBLUE,0.01251600282,0.0105,46,2018-04-16,3000-10-10,Ascenda Partner,""
5,AVLIFEMILES,,2024-06-01 01:10:42,2024-07-30 04:32:55,47,5,AVLIFEMILES,0.015145878,0.0125,55,2019-07-01,3000-10-10,Ascenda Partner,""
5,AYFINNAIRPLUS,,2024-06-01 17:27:13,2024-07-29 01:53:35,30,5,AYFINNAIRPLUS,0.015145878,0.01,55,2024-05-01,3000-10-10,Ascenda Partner,""
5,BAAVIOS,,2024-06-01 10:46:22,2024-07-29 14:57:44,129,5,BAAVIOS,0,0.0125,68,2024-01-01,3000-10-10,Ascenda Partner,""
5,CXASIAMILES,,2024-06-01 02:04:47,2024-07-30 04:09:37,1641,5,CXASIAMILES,0.0187258128,0.014,68,2021-11-01,3000-10-10,Ascenda Partner,""
5,EKSKYWARDS,,2024-06-20 06:30:29,2024-07-25 03:38:17,17,5,EKSKYWARDS,0.024784164,0.017,90,2024-01-01,3000-10-10,Ascenda Partner,""
5,ETHGUEST,,2024-06-10 07:58:56,2024-07-19 07:49:49,7,5,ETHGUEST,0.01376898,0.012,50,2018-04-16,3000-10-10,Ascenda Partner,""
5,EVAINFML,,2024-06-01 00:08:05,2024-07-30 04:37:04,7356,5,EVAINFML,0.01376898,0.01155,50,2018-04-16,3000-10-10,Ascenda Partner,""
5,JALMILEAGEBANK,,2024-06-02 17:25:07,2024-07-27 06:59:55,12,5,JALMILEAGEBANK,0.024784164,0.019,90,2020-08-31,3000-10-10,Ascenda Partner,""
5,MIMARRIOTTBONVOY,,2024-06-01 02:48:26,2024-07-30 03:08:44,591,5,MIMARRIOTTBONVOY,0.0115659432,0.0092,42,2020-08-31,3000-10-10,Ascenda Partner,""
5,QFQANTAS,,2024-06-01 03:37:50,2024-07-29 17:42:50,1913,5,QFQANTAS,0.01251600282,0.01,46,2019-02-25,3000-10-10,Ascenda Partner,""
5,QRPRIVILEGECLUB,,2024-06-06 04:43:04,2024-07-21 15:45:39,14,5,QRPRIVILEGECLUB,0.019276572,0.014,70,2020-05-01,3000-10-10,Ascenda Partner,""
5,SQKF,,2024-06-01 12:59:41,2024-06-24 15:17:23,24,5,SQKF,0.0187258128,0.014,68,2020-12-01,3000-10-10,Ascenda Partner,""
5,UAMILEAGEPLUS,,2024-06-01 04:07:03,2024-07-30 02:03:39,45,5,UAMILEAGEPLUS,0.01752791154,0.0135,64,2018-04-16,3000-10-10,Ascenda Partner,""
5,VNLOTUSMILES,,2024-07-27 12:23:32,2024-07-27 12:23:32,1,5,VNLOTUSMILES,0.01376898,0.0105,50,2020-08-31,3000-10-10,Ascenda Partner,""
5,WHWYNDHAMREWARDS,,2024-06-18 10:49:52,2024-07-25 13:00:30,11,5,WHWYNDHAMREWARDS,0.015145878,0.012,55,2020-08-31,3000-10-10,Ascenda Partner,""
11,ACAEROPLAN,,2024-06-01 06:45:53.992009,2024-07-29 06:45:51.331059,190,11,ACAEROPLAN,0.016,0.012270345,1.7,2018-06-15,3000-10-10,Ascenda Partner,""
11,AFFLYINGBLUE,,2024-06-01 06:45:54.005515,2024-07-26 06:45:53.002771,80,11,AFFLYINGBLUE,0.013,0.012,1.4,2018-04-04,3000-10-10,Ascenda Partner,""
11,AMCLUBPREMIER,,2024-07-25 06:45:50.012565,2024-07-25 06:45:50.012565,1,11,AMCLUBPREMIER,0.014,0.01278,1.5,2024-01-01,3000-10-10,Ascenda Partner,Barclays exclusive tier
11,ETHGUEST,,2024-06-25 06:45:50.879027,2024-07-05 06:45:54.463652,3,11,ETHGUEST,0.0134,0.012,1.4,2018-04-04,3000-10-10,Ascenda Partner,""
11,EVAINFML,,2024-06-01 06:45:54.027102,2024-07-11 06:45:54.258069,17,11,EVAINFML,0.013,0.01155,1.4,2018-04-04,3000-10-10,Ascenda Partner,""
11,JALMILEAGEBANK,,2024-06-12 06:45:53.299763,2024-07-14 06:45:51.654902,3,11,JALMILEAGEBANK,0.021,0.019,2.25,2020-03-01,3000-10-10,Ascenda Partner,Barclays exclusive tier
11,QFQANTAS,,2024-06-02 06:45:53.081933,2024-07-25 06:45:49.998558,35,11,QFQANTAS,0.012,0.01,1.4,2018-04-04,3000-10-10,Ascenda Partner,""
15,AABIG,,2024-06-06 09:15:54.162151,2024-07-26 09:15:55.034804,21,15,AABIG,0.009,0.0058188429,0.25,2022-01-01,3000-10-10,Ascenda Partner,""
15,ACAEROPLAN,,2024-06-06 09:15:54.179894,2024-07-26 09:15:55.029101,13,15,ACAEROPLAN,0.017,0.012270345,0.51,2021-06-27,3000-10-10,Ascenda Partner,""
15,ACCORLECLUB,,2024-06-06 09:15:54.121205,2024-07-26 09:15:54.976356,14,15,ACCORLECLUB,0.023,0.01838975,0.6,2022-07-01,3000-10-10,Ascenda Partner,""
15,AFFLYINGBLUE,,2024-06-06 09:15:54.115165,2024-07-26 09:15:54.986093,98,15,AFFLYINGBLUE,0.012,0.0105,0.34,2022-01-01,3000-10-10,Ascenda Partner,""
15,BAAVIOS,,2024-06-06 09:15:53.865879,2024-07-26 09:15:54.937404,29,15,BAAVIOS,0,0.0125,0.45,2024-01-01,3000-10-10,Ascenda Partner,""
15,EKSKYWARDS,,2024-06-06 09:15:54.094554,2024-07-26 09:15:55.053243,44,15,EKSKYWARDS,0.0205,0.017,0.55,2024-01-01,3000-10-10,Ascenda Partner,""
15,ETHGUEST,,2024-06-06 09:15:54.359433,2024-06-13 09:15:57.287508,3,15,ETHGUEST,0.015,0.012,0.42,2022-01-01,3000-10-10,Ascenda Partner,""
15,IHGREWARDSCLUB,,2024-06-06 09:15:54.168501,2024-07-26 09:15:55.00831,63,15,IHGREWARDSCLUB,0.009,0.007,0.25,2022-01-01,3000-10-10,Ascenda Partner,""
15,JALMILEAGEBANK,,2024-06-06 09:15:54.149387,2024-07-26 09:15:54.924887,27,15,JALMILEAGEBANK,0.024,0.019,0.67,2022-01-01,3000-10-10,Ascenda Partner,""
15,MIMARRIOTTBONVOY,,2024-06-06 09:15:54.141448,2024-07-26 09:15:55.046237,132,15,MIMARRIOTTBONVOY,0.012,0.0105,0.34,2022-01-01,3000-10-10,Ascenda Partner,""
15,QRPRIVILEGECLUB,,2024-06-20 09:15:53.690975,2024-07-18 09:16:01.87279,6,15,QRPRIVILEGECLUB,0.017,0.014,0.48,2022-01-01,3000-10-10,Ascenda Partner,""
15,UAMILEAGEPLUS,,2024-06-06 09:15:54.302493,2024-07-26 09:15:55.016164,28,15,UAMILEAGEPLUS,0.017,0.014,0.48,2022-01-01,3000-10-10,Ascenda Partner,""
20,ACCORLECLUB,,2024-06-03 02:27:19.939148,2024-07-27 06:08:40.273729,30,20,ACCORLECLUB,0.0261401592,0.021635,6,2019-10-18,2024-07-31,Ascenda Partner,""
20,AFFLYINGBLUE,,2024-06-21 08:34:27.470209,2024-07-10 08:29:15.58445,2,20,AFFLYINGBLUE,0.0116796456,0.011,3,2019-10-18,2024-07-31,Ascenda Partner,""
20,BAAVIOS,,2024-06-03 02:27:19.800951,2024-07-27 06:08:40.254894,24,20,BAAVIOS,0.0144605136,0.0125,3.5,2024-01-01,2024-07-31,Ascenda Partner,""
20,EKSKYWARDS,,2024-06-03 02:27:19.742329,2024-07-26 08:48:37.89786,28,20,EKSKYWARDS,0.0200222496,0.017,4.5,2024-01-01,2024-07-31,Ascenda Partner,""
20,ETHGUEST,,2024-06-03 02:27:19.899604,2024-07-10 08:29:15.616787,5,20,ETHGUEST,0.0130700796,0.012,3,2019-10-18,2024-07-31,Ascenda Partner,""
20,EVAINFML,,2024-06-03 02:27:19.99301,2024-07-27 06:08:40.246114,39,20,EVAINFML,0.0127919928,0.01155,3,2019-10-18,2024-07-31,Ascenda Partner,""
20,IHGREWARDSCLUB,,2024-06-03 02:27:19.827822,2024-07-25 04:19:31.165616,16,20,IHGREWARDSCLUB,0.008342604,0.007,2,2019-10-18,2024-07-31,Ascenda Partner,""
20,MIMARRIOTTBONVOY,,2024-06-21 08:34:29.199129,2024-06-21 08:34:29.199129,1,20,MIMARRIOTTBONVOY,0.009733038,0.0105,2.5,2021-10-20,2024-07-31,Ascenda Partner,""
20,QFQANTAS,,2024-06-21 08:34:27.300324,2024-06-21 08:34:27.698883,3,20,QFQANTAS,0.0116796456,0.01,3,2019-10-18,2024-07-31,Ascenda Partner,""
20,UAMILEAGEPLUS,,2024-06-03 02:27:19.767683,2024-07-25 04:19:31.233607,7,20,UAMILEAGEPLUS,0.0172413816,0.014,4,2019-10-18,2024-07-31,Ascenda Partner,""
21,ACAEROPLAN,,2024-06-03 04:00:51.976267,2024-07-30 04:02:21.890626,8,21,ACAEROPLAN,0.016,0.012270345,0.5,2024-01-01,2024-12-31,Ascenda Partner,""
21,ACCORLECLUB,,2024-06-03 04:00:51.680272,2024-07-30 04:02:21.668752,25,21,ACCORLECLUB,0.025962,0.021635,0.5,2022-11-01,2024-12-31,Ascenda Partner,""
21,AFFLYINGBLUE,,2024-06-04 04:02:25.269181,2024-07-26 04:00:47.418722,26,21,AFFLYINGBLUE,0.0127,0.0115,0.5,2024-01-01,2024-12-31,Ascenda Partner,""
21,AFFLYINGBLUE,,2024-06-04 04:02:25.269181,2024-07-26 04:00:47.418722,26,21,AFFLYINGBLUE,0.0127,0.0115,1,2018-07-02,3000-10-10,Ascenda Partner,""
21,AVLIFEMILES,,2024-06-05 04:00:56.939755,2024-07-30 04:02:21.71972,17,21,AVLIFEMILES,0.014,0.0125,0.5,2024-01-01,2024-12-31,Ascenda Partner,""
21,BAAVIOS,,2024-06-11 04:02:22.006855,2024-07-11 04:00:46.98144,9,21,BAAVIOS,0.014,0.0125,0.5,2024-01-01,2024-12-31,Ascenda Partner,""
21,CMCONNECTMILES,,2024-06-03 04:00:51.405775,2024-07-26 04:00:47.344226,25,21,CMCONNECTMILES,0.017,0.015,0.5,2024-01-01,2024-12-31,Ascenda Partner,""
21,IBIBERIAPLUS,,2024-06-03 04:00:51.010566,2024-07-30 04:02:21.679349,63,21,IBIBERIAPLUS,0.0132,0.012,0.5,2024-01-01,2024-12-31,Ascenda Partner,""
21,IHGREWARDSCLUB,,2024-06-01 04:00:50.777243,2024-07-30 04:02:21.821573,110,21,IHGREWARDSCLUB,0.0083,0.007,0.5,2022-01-01,2024-12-31,Ascenda Partner,""
21,MIMARRIOTTBONVOY,,2024-06-03 04:00:51.965994,2024-07-30 04:02:21.872258,114,21,MIMARRIOTTBONVOY,0.0112,0.0105,0.5,2022-01-01,2024-12-31,Ascenda Partner,""
21,TKMILESANDSMILES,,2024-06-05 04:00:58.694901,2024-07-27 04:00:54.993726,6,21,TKMILESANDSMILES,0.0164,0.0142,0.5,2024-01-01,2024-12-31,Ascenda Partner,""
21,WHWYNDHAMREWARDS,,2024-06-04 04:02:25.133608,2024-07-30 04:02:21.707282,30,21,WHWYNDHAMREWARDS,0.0135,0.012,0.5,2022-01-01,2024-12-31,Ascenda Partner,""
22,ACAEROPLAN,,2024-06-01 00:19:12.138389,2024-07-30 04:25:15.57342,6646,22,ACAEROPLAN,0.011692917,0.010826775,1,2021-10-07,3000-10-10,Ascenda Partner,""
22,ACCORLECLUB,,2024-06-01 03:33:55.428573,2024-07-30 01:29:33.904547,217,22,ACCORLECLUB,0.01752435,0.01622625,2,2020-02-20,3000-10-10,Ascenda Partner,""
22,AFFLYINGBLUE,,2024-06-01 00:04:26.507972,2024-07-30 04:26:03.158316,9333,22,AFFLYINGBLUE,0.012528,0.0116,1,2021-10-07,3000-10-10,Ascenda Partner,""
22,AMCLUBPREMIER,,2024-06-01 04:39:45.759134,2024-07-29 20:17:10.712146,267,22,AMCLUBPREMIER,0.0108,0.01,1,2021-04-20,3000-10-10,Ascenda Partner,""
22,AVLIFEMILES,,2024-06-01 00:20:17.320724,2024-07-30 04:27:43.633456,2906,22,AVLIFEMILES,0.0135,0.0125,1,2021-04-20,3000-10-10,Ascenda Partner,""
22,AYFINNAIRPLUS,,2024-06-01 16:51:26.414934,2024-07-30 03:24:18.293369,223,22,AYFINNAIRPLUS,0.012,0.01,1,2024-05-01,3000-10-10,Ascenda Partner,""
22,CHOICEHOTELS,,2024-06-01 00:11:40.998432,2024-07-30 03:33:22.811735,672,22,CHOICEHOTELS,0.00728,0.007,1,2021-12-10,3000-10-10,Ascenda Partner,""
22,CXASIAMILES,,2024-06-01 01:12:31.893505,2024-07-30 02:43:22.362602,2030,22,CXASIAMILES,0.013284,0.0123,1,2021-04-20,3000-10-10,Ascenda Partner,""
22,EKSKYWARDS,,2024-06-01 00:45:38.413832,2024-07-30 04:05:41.884814,2338,22,EKSKYWARDS,0.01512,0.014,1,2023-01-01,3000-10-10,Ascenda Partner,""
22,ETHGUEST,,2024-06-01 10:36:36.439623,2024-07-30 03:57:55.99055,769,22,ETHGUEST,0.01296,0.012,1,2021-04-20,3000-10-10,Ascenda Partner,""
22,EVAINFML,,2024-06-01 01:21:50.241235,2024-07-30 03:52:03.984314,1725,22,EVAINFML,0.012474,0.01155,1.3333,2018-12-10,3000-10-10,Ascenda Partner,""
22,QFQANTAS,,2024-06-01 00:26:34.040133,2024-07-30 02:22:27.753352,1909,22,QFQANTAS,0.00918,0.0085,1,2021-04-20,3000-10-10,Ascenda Partner,""
22,SQKF,,2024-06-01 00:06:52.214965,2024-07-30 03:41:41.146307,2383,22,SQKF,0.01728,0.016,2,2018-12-10,3000-10-10,Direct Partner,""
22,TKMILESANDSMILES,,2024-06-01 00:03:43.134891,2024-07-30 04:02:31.967914,4138,22,TKMILESANDSMILES,0.0148,0.0142,1,2024-01-01,3000-10-10,Ascenda Partner,""
22,TPMILESANDGO,,2024-06-01 13:10:31.788605,2024-07-30 00:51:33.963956,442,22,TPMILESANDGO,0.00728,0.007,1,2021-04-20,3000-10-10,Ascenda Partner,""
22,VIRGINRED,,2024-06-01 00:25:16.423839,2024-07-30 04:26:46.548092,2754,22,VIRGINRED,0.01248,0.012,1,2022-03-30,3000-10-10,Ascenda Partner,""
22,WHWYNDHAMREWARDS,,2024-06-01 00:24:45.168597,2024-07-30 04:27:37.403554,1900,22,WHWYNDHAMREWARDS,0.0108,0.01,1,2021-04-20,3000-10-10,Ascenda Partner,""
23,AFFLYINGBLUE,,2024-07-08 08:31:46.219883,2024-07-24 08:31:37.029363,2,23,AFFLYINGBLUE,0.008830752,0.011,2,2022-04-01,3000-10-10,Ascenda Partner,World Present (Personal)
23,BAAVIOS,,2024-06-02 08:31:33.890662,2024-07-28 08:31:35.575445,9,23,BAAVIOS,0.009609936,0.0125,2,2024-01-01,3000-10-10,Ascenda Partner,World Present (Personal)
27,EKSKYWARDS,,2024-06-01 04:43:53.545561,2024-07-29 07:52:36.775662,176,27,EKSKYWARDS,0.028,0.025,9,2019-06-29,3000-10-10,Ascenda Partner,Rewards
27,ETHGUEST,,2024-06-11 09:48:15.715823,2024-07-28 02:46:40.851237,13,27,ETHGUEST,0.0199,0.018,7,2019-06-29,3000-10-10,Ascenda Partner,Rewards
27,IHGREWARDSCLUB,,2024-06-29 06:06:09.769973,2024-07-29 07:24:27.328938,3,27,IHGREWARDSCLUB,0.0083,0.007,3,2019-06-29,3000-10-10,Ascenda Partner,Rewards
27,JMJUMEIRAHONE,,2024-06-21 09:38:53.209239,2024-06-21 09:38:53.209239,1,27,JMJUMEIRAHONE,0.021,0.019,7,2021-01-27,3000-10-10,Ascenda Partner,Rewards
27,TKMILESANDSMILES,,2024-06-26 10:02:02.886208,2024-07-21 20:25:09.575103,3,27,TKMILESANDSMILES,0.0164,0.0142,0.0667,2024-01-01,3000-10-10,Ascenda Partner,Cashback
27,TKMILESANDSMILES,,2024-06-26 10:02:02.886208,2024-07-21 20:25:09.575103,3,27,TKMILESANDSMILES,0.0164,0.0142,5,2024-01-01,3000-10-10,Ascenda Partner,Rewards
27,UKCLUBVISTARA,,2024-06-20 02:30:08.665816,2024-06-20 02:30:08.665816,1,27,UKCLUBVISTARA,0.0165,0.015,5,2020-12-10,3000-10-10,Ascenda Partner,Rewards
29,AABIG,,2024-06-02 23:30:01.197289,2024-07-16 04:12:42.244711,8,29,AABIG,0.006465381,0.0058188429,0.5,2019-06-29,3000-10-10,Ascenda Partner,""
29,ACCORLECLUB,,2024-06-02 05:35:34.537693,2024-07-26 02:45:41.380964,9,29,ACCORLECLUB,0.0237985,0.021635,1,2019-06-29,3000-10-10,Ascenda Partner,""
29,BAAVIOS,,2024-06-17 12:25:19.979652,2024-06-24 03:37:16.203211,2,29,BAAVIOS,0.014,0.0125,0.5,2024-01-01,3000-10-10,Ascenda Partner,""
29,ETHGUEST,,2024-07-12 06:18:04.415254,2024-07-12 06:18:04.415254,1,29,ETHGUEST,0.0132,0.012,0.5,2019-06-29,3000-10-10,Ascenda Partner,""
29,IHGREWARDSCLUB,,2024-06-02 03:46:56.315879,2024-07-27 13:26:39.227171,4,29,IHGREWARDSCLUB,0.0083,0.007,0.333333333333333,2019-06-29,3000-10-10,Ascenda Partner,""
29,MIMARRIOTTBONVOY,,2024-06-09 08:22:46.185222,2024-07-30 02:31:44.869321,18,29,MIMARRIOTTBONVOY,0.0112,0.0105,0.333333333333333,2020-12-11,3000-10-10,Ascenda Partner,""
31,ACCORLECLUB,,2024-06-23 13:46:53.188752,2024-07-18 15:20:11.562103,4,31,ACCORLECLUB,0.0288,0.021635,3,2019-06-29,3000-10-10,Ascenda Partner,""
31,EKSKYWARDS,,2024-06-01 04:48:52.576275,2024-07-29 16:55:43.786537,50,31,EKSKYWARDS,0.028,0.025,3,2024-06-01,3000-10-10,Ascenda Partner,""
31,ETHGUEST,,2024-06-03 11:45:58.943188,2024-07-25 21:44:47.26259,14,31,ETHGUEST,0.0199,0.018,2,2019-06-29,3000-10-10,Ascenda Partner,""
31,IHGREWARDSCLUB,,2024-06-08 06:58:26.830722,2024-07-25 20:40:51.097246,2,31,IHGREWARDSCLUB,0.0083,0.007,1,2019-06-29,3000-10-10,Ascenda Partner,""
31,MIMARRIOTTBONVOY,,2024-06-01 08:50:33.881046,2024-07-29 15:35:09.392421,15,31,MIMARRIOTTBONVOY,0.0112,0.0105,1,2021-02-10,3000-10-10,Ascenda Partner,""
31,TKMILESANDSMILES,,2024-06-10 21:15:34.188987,2024-07-28 20:07:54.520467,9,31,TKMILESANDSMILES,0.0164,0.0142,1.65,2024-01-01,3000-10-10,Ascenda Partner,""
41,AFFLYINGBLUE,,2024-06-01 04:36:03.410496,2024-07-29 22:30:21.315767,77,41,AFFLYINGBLUE,0.013,0.012,1.5,2019-07-30,3000-10-10,Ascenda Partner,Non-Exclusive
41,AFFLYINGBLUE,,2024-06-03 15:40:16.071989,2024-07-29 19:25:46.824723,27,41,AFFLYINGBLUE,0.013,0.012,1,2019-07-30,3000-10-10,Ascenda Partner,Exclusive
41,AFFLYINGBLUE,,2024-06-05 01:40:17.790034,2024-07-29 20:15:19.99358,15,,,,,,,,,
41,AMCLUBPREMIER,,2024-06-02 00:26:01.898202,2024-06-21 01:00:11.580862,5,41,AMCLUBPREMIER,0.0132,0.01,1.5,2019-07-30,3000-10-10,Ascenda Partner,Non-Exclusive
41,AVLIFEMILES,,2024-06-03 02:47:32.606425,2024-07-18 08:05:19.096433,9,,,,,,,,,
41,AVLIFEMILES,,2024-06-03 15:25:12.815368,2024-07-26 17:00:11.511943,17,41,AVLIFEMILES,0.0138,0.0125,1,2019-07-30,3000-10-10,Ascenda Partner,Exclusive
41,AVLIFEMILES,,2024-06-04 20:35:12.026058,2024-07-29 16:30:23.12076,45,41,AVLIFEMILES,0.0138,0.0125,1.5,2019-07-30,3000-10-10,Ascenda Partner,Non-Exclusive
41,CXASIAMILES,,2024-06-01 02:25:12.185176,2024-07-24 14:41:27.171574,11,41,CXASIAMILES,0.014,0.0123,1,2019-07-30,3000-10-10,Ascenda Partner,Exclusive
41,CXASIAMILES,,2024-06-01 02:25:12.185176,2024-07-24 14:41:27.171574,11,41,CXASIAMILES,0.014,0.0128,1,2019-07-30,3000-10-10,Ascenda Partner,Exclusive
41,CXASIAMILES,,2024-06-01 02:25:12.185176,2024-07-24 14:41:27.171574,11,41,CXASIAMILES,0.014,0.0132,1,2019-07-30,3000-10-10,Ascenda Partner,Exclusive
41,CXASIAMILES,,2024-06-09 20:05:10.659879,2024-07-27 19:20:19.230158,7,,,,,,,,,
41,CXASIAMILES,,2024-06-13 18:50:10.949228,2024-07-24 17:15:08.332401,16,41,CXASIAMILES,0.014,0.0123,1.5,2019-07-30,3000-10-10,Ascenda Partner,Non-Exclusive
41,CXASIAMILES,,2024-06-13 18:50:10.949228,2024-07-24 17:15:08.332401,16,41,CXASIAMILES,0.014,0.0128,1.5,2019-07-30,3000-10-10,Ascenda Partner,Non-Exclusive
41,CXASIAMILES,,2024-06-13 18:50:10.949228,2024-07-24 17:15:08.332401,16,41,CXASIAMILES,0.014,0.0132,1.5,2019-07-30,3000-10-10,Ascenda Partner,Non-Exclusive
41,EKSKYWARDS,,2024-06-01 02:15:50.304982,2024-07-21 22:00:17.976042,11,,,,,,,,,
41,EKSKYWARDS,,2024-06-03 11:20:15.143361,2024-07-29 23:05:12.797858,76,41,EKSKYWARDS,0.019,0.017,1,2024-01-01,3000-10-10,Ascenda Partner,Exclusive
41,EKSKYWARDS,,2024-06-03 12:55:10.579174,2024-07-29 01:30:15.408907,57,41,EKSKYWARDS,0.019,0.017,1.5,2024-01-01,3000-10-10,Ascenda Partner,Non-Exclusive
41,QFQANTAS,,2024-06-02 10:00:17.52874,2024-07-29 22:25:13.672582,33,41,QFQANTAS,0.011,0.01,1,2019-07-30,3000-10-10,Ascenda Partner,Exclusive
41,QFQANTAS,,2024-06-03 16:15:17.070482,2024-07-29 10:10:23.088825,35,41,QFQANTAS,0.011,0.01,1.5,2019-07-30,3000-10-10,Ascenda Partner,Non-Exclusive
41,QFQANTAS,,2024-06-06 00:35:18.742254,2024-07-29 09:50:15.603494,10,,,,,,,,,
41,SQKF,,2024-06-03 01:06:21.471856,2024-07-29 05:15:26.053061,29,41,SQKF,0.024,0.024,1.5,2019-07-30,3000-10-10,Direct Partner,Non-Exclusive
41,SQKF,,2024-06-06 15:20:22.085443,2024-07-17 17:55:18.228389,6,41,SQKF,0.024,0.024,1,2019-07-30,3000-10-10,Direct Partner,Exclusive
41,SQKF,,2024-06-12 21:35:17.92231,2024-07-01 19:45:12.40059,2,,,,,,,,,
42,AABIG,,2024-06-01 18:30:54.041858,2024-07-24 18:30:51.154099,10,42,AABIG,0.0093,0.0058188429,100,2020-05-06,3000-10-10,Ascenda Partner,Platinum
42,ACAEROPLAN,,2024-06-03 18:30:52.668321,2024-07-29 18:30:49.657281,34,42,ACAEROPLAN,0.0183,0.010826775,100,2022-05-25,3000-10-10,Ascenda Partner,Platinum
42,ACCORLECLUB,,2024-06-02 18:31:01.34844,2024-07-25 18:30:49.208566,21,42,ACCORLECLUB,0.031,0.01838975,217,2022-09-27,3000-10-10,Ascenda Partner,""
42,AFFLYINGBLUE,,2024-06-02 18:31:00.458108,2024-07-24 18:30:50.987338,15,42,AFFLYINGBLUE,0.013,0.0105,100,2020-05-06,3000-10-10,Ascenda Partner,Platinum
42,AYFINNAIRPLUS,,2024-06-02 18:31:00.482422,2024-07-20 18:30:46.417335,5,42,AYFINNAIRPLUS,0.0112,0.008,100,2022-02-23,3000-10-10,Ascenda Partner,Platinum
42,BAAVIOS,,2024-06-01 18:30:54.114057,2024-07-28 18:30:45.3177,29,42,BAAVIOS,0,0.0125,200,2024-01-01,3000-10-10,Ascenda Partner,Gold & Platinum with annual fee waived
42,EKSKYWARDS,,2024-06-01 18:30:54.092041,2024-07-25 18:30:49.166552,18,42,EKSKYWARDS,0.024,0.017,100,2024-01-01,3000-10-10,Ascenda Partner,Platinum
42,ETHGUEST,,2024-07-25 18:30:49.137221,2024-07-25 18:30:49.137221,1,42,ETHGUEST,0.0168,0.012,100,2022-02-23,3000-10-10,Ascenda Partner,Platinum
42,EVAINFML,,2024-06-04 18:30:53.572673,2024-07-25 18:30:49.158738,6,42,EVAINFML,0.0161,0.01155,100,2022-02-23,3000-10-10,Ascenda Partner,Platinum
42,IHGREWARDSCLUB,,2024-06-01 18:30:54.125238,2024-07-29 18:30:49.758342,570,42,IHGREWARDSCLUB,0.0098,0.007,70,2022-09-27,3000-10-10,Ascenda Partner,""
42,JALMILEAGEBANK,,2024-06-04 18:30:53.580677,2024-07-28 18:30:45.331743,44,42,JALMILEAGEBANK,0.0265,0.019,100,2022-05-25,3000-10-10,Ascenda Partner,Platinum
42,SQKF,,2024-06-01 18:30:54.172044,2024-07-01 18:30:49.334092,120,42,SQKF,0.0183,0.014,100,2022-04-01,3000-10-10,Ascenda Partner,Platinum
42,UAMILEAGEPLUS,,2024-06-01 18:30:54.069426,2024-07-29 18:30:49.823923,781,42,UAMILEAGEPLUS,0.0203,0.0135,100,2022-02-23,3000-10-10,Ascenda Partner,Platinum
42,WHWYNDHAMREWARDS,,2024-06-05 18:30:49.843461,2024-07-25 18:30:49.200935,7,42,WHWYNDHAMREWARDS,0.0168,0.012,118,2022-09-27,3000-10-10,Ascenda Partner,""
48,AFFLYINGBLUE,,2024-06-03 08:36:35.037201,2024-07-28 08:36:31.335384,32,48,AFFLYINGBLUE,0.008830752,0.011,2,2020-04-01,3000-10-10,Ascenda Partner,V Points
48,BAAVIOS,,2024-06-01 08:36:34.264423,2024-07-29 08:36:31.149931,214,48,BAAVIOS,0.009609936,0.0125,2,2024-01-01,3000-10-10,Ascenda Partner,V Points
50,AABIG,,2024-06-01 07:15:52.900923,2024-07-25 07:15:51.46524,10,50,AABIG,0.00640072719,0.0058188429,2.5,2018-05-17,3000-10-10,Ascenda Partner,""
50,ACAEROPLAN,,2024-06-03 07:15:52.790216,2024-07-28 07:15:49.843796,20,50,ACAEROPLAN,0.013713915,0.012270345,4,2022-02-09,3000-10-10,Ascenda Partner,""
50,ACCORLECLUB,,2024-06-02 07:15:56.776258,2024-07-29 07:15:52.691551,718,50,ACCORLECLUB,0.0237985,0.021635,5,2022-02-09,3000-10-10,Ascenda Partner,""
50,AFFLYINGBLUE,,2024-06-06 07:16:40.372642,2024-07-20 07:15:49.632018,11,50,AFFLYINGBLUE,0.0105,0.01,2.5,2021-10-01,3000-10-10,Ascenda Partner,""
50,CXASIAMILES,,2024-06-01 07:15:52.97151,2024-07-29 07:15:52.791932,177,50,CXASIAMILES,0.014,0.0128,3.5,2022-03-01,3000-10-10,Ascenda Partner,""
50,EKSKYWARDS,,2024-06-01 07:15:52.798298,2024-07-29 07:15:52.810702,298,50,EKSKYWARDS,0.0185,0.017,5,2024-02-08,3000-10-10,Ascenda Partner,""
50,ETHGUEST,,2024-06-05 07:15:57.862354,2024-07-08 07:15:53.321603,23,50,ETHGUEST,0.0132,0.012,3,2022-02-09,3000-10-10,Ascenda Partner,""
50,EVAINFML,,2024-06-06 07:16:40.609735,2024-07-11 07:15:53.147018,3,50,EVAINFML,0.0127,0.01155,3,2018-07-02,3000-10-10,Ascenda Partner,""
50,IHGREWARDSCLUB,,2024-06-01 07:15:52.911343,2024-07-28 07:15:49.8359,125,50,IHGREWARDSCLUB,0.0083,0.007,2.5,2018-05-17,3000-10-10,Ascenda Partner,""
50,MIMARRIOTTBONVOY,,2024-06-01 07:15:52.931318,2024-07-27 07:15:49.585607,178,50,MIMARRIOTTBONVOY,0.0112,0.0105,3,2022-04-01,3000-10-10,Ascenda Partner,""
50,QRPRIVILEGECLUB,,2024-06-01 07:15:53.001787,2024-07-29 07:15:52.731296,519,50,QRPRIVILEGECLUB,0.0155,0.0140018066847335,3.5,2020-05-01,3000-10-10,Ascenda Partner,""
50,SQKF,,2024-06-01 07:15:52.821976,2024-07-29 07:15:52.716832,441,50,SQKF,0.0154,0.014,3,2022-04-01,3000-10-10,Ascenda Partner,""
50,UAMILEAGEPLUS,,2024-06-01 07:15:52.921682,2024-07-26 07:15:48.540844,81,50,UAMILEAGEPLUS,0.0155,0.014,3.5,2022-02-09,3000-10-10,Ascenda Partner,""
50,WHWYNDHAMREWARDS,,2024-06-06 07:16:40.469408,2024-06-06 07:16:52.843555,4,50,WHWYNDHAMREWARDS,0.0132,0.012,3,2022-02-09,3000-10-10,Ascenda Partner,""
53,ACCORLECLUB,,2024-06-06 07:25:16.580449,2024-07-10 08:01:17.9573,12,53,ACCORLECLUB,0.0275,0.021635,8,2022-11-01,3000-10-10,Ascenda Partner,""
53,AFFLYINGBLUE,,2024-06-02 15:55:51.276429,2024-07-15 08:55:22.635209,9,53,AFFLYINGBLUE,0.012,0.011,3,2021-04-01,3000-10-10,Ascenda Partner,""
53,BAAVIOS,,2024-06-12 03:55:43.177847,2024-07-29 08:02:01.431597,22,53,BAAVIOS,0.014,0.0125,4,2024-01-01,3000-10-10,Ascenda Partner,""
53,EKSKYWARDS,,2024-06-08 10:36:10.6242,2024-07-27 02:31:22.581736,46,53,EKSKYWARDS,0.019,0.017,5,2024-01-01,3000-10-10,Ascenda Partner,""
53,ETHGUEST,,2024-06-07 07:55:01.976955,2024-06-07 07:55:01.976955,1,53,ETHGUEST,0.0132,0.012,4,2021-04-01,3000-10-10,Ascenda Partner,""
53,IHGREWARDSCLUB,,2024-06-05 13:32:46.048165,2024-07-30 04:37:08.731305,14,53,IHGREWARDSCLUB,0.0085,0.007,3,2022-11-01,3000-10-10,Ascenda Partner,""
53,MIMARRIOTTBONVOY,,2024-06-01 06:26:13.453358,2024-07-26 11:21:27.97555,31,53,MIMARRIOTTBONVOY,0.011,0.0103,4,2022-11-01,3000-10-10,Ascenda Partner,""
53,QFQANTAS,,2024-06-25 23:17:49.146975,2024-07-15 05:00:13.414444,3,53,QFQANTAS,0.0115,0.01,3,2021-04-01,3000-10-10,Ascenda Partner,""
53,QRPRIVILEGECLUB,,2024-06-02 02:03:14.728945,2024-07-26 04:07:53.329493,21,53,QRPRIVILEGECLUB,0.0155,0.014,5,2022-11-01,3000-10-10,Ascenda Partner,""
54,ACAEROPLAN,,2024-06-03 13:53:33.57283,2024-07-27 08:13:57.314534,16,54,ACAEROPLAN,0.0140748075,0.012270345,1,2021-10-27,3000-10-10,Ascenda Partner,""
54,AFFLYINGBLUE,,2024-06-06 13:42:34.770885,2024-07-27 19:54:35.503548,26,54,AFFLYINGBLUE,0.013,0.012,1,2021-10-27,3000-10-10,Ascenda Partner,""
54,AVLIFEMILES,,2024-06-14 18:10:04.452862,2024-07-03 13:46:02.510029,4,54,AVLIFEMILES,0.0142,0.0125,1,2021-10-27,3000-10-10,Ascenda Partner,""
54,BAAVIOS,,2024-06-02 05:20:00.649578,2024-07-29 06:46:20.420949,27,54,BAAVIOS,0.014,0.0125,1,2024-01-01,3000-10-10,Ascenda Partner,""
54,EKSKYWARDS,,2024-06-01 00:21:33.269142,2024-07-29 18:15:50.124538,454,54,EKSKYWARDS,0.026,0.025,2.5,2023-04-30,3000-10-10,Ascenda Partner,""
54,FABCASHBACK,,2024-06-02 08:29:19.47544,2024-07-26 15:31:53.06616,39,,,,,,,,,
54,IHGREWARDSCLUB,,2024-06-12 19:48:37.116855,2024-07-25 12:52:50.030109,18,54,IHGREWARDSCLUB,0.0084,0.007,1,2021-10-27,3000-10-10,Ascenda Partner,""
54,JMJUMEIRAHONE,,2024-06-01 08:19:58.763822,2024-07-29 19:27:36.019503,60,54,JMJUMEIRAHONE,0.021,0.019,1,2021-10-27,3000-10-10,Ascenda Partner,""
54,TKMILESANDSMILES,,2024-06-01 16:14:45.070812,2024-07-28 12:52:05.863989,55,54,TKMILESANDSMILES,0.0164,0.0142,1,2024-01-01,3000-10-10,Ascenda Partner,""
54,UKCLUBVISTARA,,2024-07-23 12:33:13.244106,2024-07-23 12:33:13.244106,1,54,UKCLUBVISTARA,0.0165,0.015,1,2021-10-27,3000-10-10,Ascenda Partner,""
54,WHWYNDHAMREWARDS,,2024-06-02 11:39:01.971111,2024-06-02 11:39:01.971111,1,,,,,,,,,
55,AABIG,,2024-06-20 05:16:20.09516,2024-07-29 05:17:49.965933,6,55,AABIG,0.0087,0.0058188429,1,2020-04-15,3000-10-10,Ascenda Partner,""
55,ACAEROPLAN,,2024-06-03 05:17:44.307849,2024-07-29 05:17:56.721807,47,55,ACAEROPLAN,0.0165,0.012270345,1,2020-04-15,3000-10-10,Ascenda Partner,""
55,ACCORLECLUB,,2024-06-03 05:17:38.898631,2024-07-29 05:17:57.016913,101,55,ACCORLECLUB,0.02488025,0.01838975,1,2022-08-01,3000-10-10,Ascenda Partner,""
55,AFFLYINGBLUE,,2024-06-05 05:17:13.211622,2024-07-29 05:17:57.028494,37,55,AFFLYINGBLUE,0.0121,0.0105,1,2020-04-15,3000-10-10,Ascenda Partner,""
55,AVLIFEMILES,,2024-06-03 05:17:45.872399,2024-07-23 05:16:25.695398,10,55,AVLIFEMILES,0.0155,0.0125,1,2020-04-15,3000-10-10,Ascenda Partner,""
55,CXASIAMILES,,2024-06-03 05:17:38.84696,2024-07-29 05:17:57.043666,1206,55,CXASIAMILES,0,0,1,2020-11-26,3000-10-10,Direct Partner,""
55,EKSKYWARDS_V2,,2024-06-03 05:17:45.37096,2024-07-29 05:17:56.353998,36,,,,,,,,,
55,HUFORTUNEWINGSCLUB,,2024-07-11 05:16:12.865388,2024-07-11 05:16:12.865388,1,55,HUFORTUNEWINGSCLUB,0.016,0.013,1,2020-04-15,3000-10-10,Ascenda Partner,""
55,IHGREWARDSCLUB,,2024-06-03 05:17:39.04901,2024-07-29 05:17:56.924311,29,55,IHGREWARDSCLUB,0.0091,0.007,1,2020-04-15,3000-10-10,Ascenda Partner,""
55,JALMILEAGEBANK,,2024-06-03 05:17:39.01462,2024-07-29 05:17:56.978097,185,55,JALMILEAGEBANK,0.0236,0.019,1,2020-05-21,3000-10-10,Ascenda Partner,""
55,MIMARRIOTTBONVOY,,2024-06-03 05:17:45.832294,2024-07-29 05:17:56.955365,80,55,MIMARRIOTTBONVOY,0.00945,0.008775,1,2020-10-26,3000-10-10,Joint Ascenda-Marriott Partner,""
55,QFQANTAS,,2024-07-13 05:16:06.18542,2024-07-22 05:17:38.237101,6,55,QFQANTAS,0.0125,0.01,1,2020-04-15,3000-10-10,Ascenda Partner,""
55,QRPRIVILEGECLUB,,2024-06-11 05:19:03.697999,2024-07-17 05:16:18.48854,15,55,QRPRIVILEGECLUB,0.017,0.014,1,2020-04-15,3000-10-10,Ascenda Partner,""
55,TKMILESANDSMILES,,2024-06-03 05:17:45.956053,2024-07-16 05:15:57.160748,17,55,TKMILESANDSMILES,0.01512,0.0142,1,2024-01-01,3000-10-10,Ascenda Partner,""
55,UAMILEAGEPLUS,,2024-06-14 05:16:11.462987,2024-07-26 05:18:00.937711,16,55,UAMILEAGEPLUS,0.0187,0.014,1,2020-04-15,3000-10-10,Ascenda Partner,""
56,ACCORLECLUB,,2024-06-01 07:20:25,2024-07-30 04:23:17,513,56,ACCORLECLUB,0.027,0.0194715,13.5,2021-05-01,3000-10-10,Ascenda Partner,""
56,AFFLYINGBLUE,,2024-06-01 08:37:15,2024-07-30 03:39:17,92,56,AFFLYINGBLUE,0.0132,0.0105,6.5,2021-05-01,3000-10-10,Ascenda Partner,""
56,AYFINNAIRPLUS,,2024-06-01 15:25:32,2024-07-30 02:18:20,57,56,AYFINNAIRPLUS,0.014,0.01,6,2024-05-01,3000-10-10,Ascenda Partner,""
56,QRPRIVILEGECLUB,,2024-06-01 02:36:03,2024-07-30 03:19:05,106,56,QRPRIVILEGECLUB,0.0183,0.014,9,2020-05-13,3000-10-10,Ascenda Partner,""
56,TKMILESANDSMILES,,2024-06-01 19:42:50,2024-07-28 02:46:36,19,56,TKMILESANDSMILES,0.0183,0.0142,0,2024-01-01,3000-10-10,Ascenda Partner,""
56,VNLOTUSMILES,,2024-06-01 09:42:41,2024-06-30 16:04:05,5,56,VNLOTUSMILES,0.0132,0.0105,6.5,2020-05-13,3000-10-10,Ascenda Partner,""
57,ACCORLECLUB,,2024-06-06 01:30:58.506521,2024-07-26 01:30:49.445152,11,57,ACCORLECLUB,0.0255,0.021635,25,2024-02-01,3000-10-10,Ascenda Partner,""
57,AFFLYINGBLUE,,2024-06-07 01:30:57.886134,2024-07-17 01:30:53.888973,6,57,AFFLYINGBLUE,0.0121,0.011,15,2024-02-01,3000-10-10,Ascenda Partner,""
57,BAAVIOS,,2024-06-06 01:30:58.869449,2024-07-25 01:30:53.407316,17,57,BAAVIOS,0.014,0.0125,15,2024-02-01,3000-10-10,Ascenda Partner,""
57,CXASIAMILES,,2024-06-01 01:30:59.517996,2024-07-30 01:30:51.297241,95,57,CXASIAMILES,0.015,0.014,15,2021-06-01,3000-10-10,Ascenda Partner,""
57,EKSKYWARDS,,2024-06-01 01:30:59.45553,2024-07-30 01:30:51.278914,96,57,EKSKYWARDS,0.019,0.017,15,2024-01-01,3000-10-10,Ascenda Partner,""
57,ETHGUEST,,2024-06-01 01:30:57.788403,2024-07-19 01:30:52.214886,4,57,ETHGUEST,0.0132,0.012,15,2024-02-01,3000-10-10,Ascenda Partner,""
57,EVAINFML,,2024-06-01 01:30:59.500065,2024-07-30 01:30:51.288632,29,57,EVAINFML,0.0127,0.01155,15,2024-02-01,3000-10-10,Ascenda Partner,""
57,IHGREWARDSCLUB,,2024-06-12 01:30:52.58611,2024-07-22 06:52:04.368543,9,57,IHGREWARDSCLUB,0.0084,0.007,10,2021-04-01,3000-10-10,Ascenda Partner,""
57,JALMILEAGEBANK,,2024-06-14 01:30:50.080403,2024-07-11 01:30:57.440291,5,57,JALMILEAGEBANK,0.0219,0.019,20,2021-04-01,3000-10-10,Ascenda Partner,""
57,MIMARRIOTTBONVOY,,2024-06-01 01:30:59.47425,2024-07-27 01:30:51.656057,97,57,MIMARRIOTTBONVOY,0.0112,0.0105,10,2021-04-01,3000-10-10,Ascenda Partner,""
57,QRPRIVILEGECLUB,,2024-06-01 01:30:58.544619,2024-07-30 01:30:51.271032,62,57,QRPRIVILEGECLUB,0.0154,0.014,15,2021-04-01,3000-10-10,Ascenda Partner,""
57,TKMILESANDSMILES,,2024-06-06 01:30:58.391678,2024-07-26 01:30:49.434278,14,57,TKMILESANDSMILES,0.0164,0.0142,15,2024-01-01,3000-10-10,Ascenda Partner,""
59,AABIG,,2024-06-09 14:37:50.167213,2024-07-25 16:53:39.869235,16,59,AABIG,0.006465381,0.0058188429,1,2023-02-03,3000-10-10,Ascenda Partner,Infinia Cards
59,ACAEROPLAN,,2024-06-02 13:05:07.798302,2024-07-27 08:29:11.410063,47,59,ACAEROPLAN,0.0144357,0.012270345,2,2023-02-03,3000-10-10,Ascenda Partner,Infinia Cards
59,ACCORLECLUB,,2024-06-01 00:57:12.742807,2024-07-29 17:35:28.848087,11974,59,ACCORLECLUB,0.0237985,0.021635,2,2024-01-15,3000-10-10,Ascenda Partner,Infinia Cards
59,AFFLYINGBLUE,,2024-06-02 07:20:01.31943,2024-07-29 22:06:17.649984,896,59,AFFLYINGBLUE,0.0121,0.011,1,2023-02-03,3000-10-10,Ascenda Partner,Infinia Cards
59,AVLIFEMILES,,2024-06-05 12:00:28.749184,2024-07-28 20:56:32.96479,57,,,,,,,,,
59,AYFINNAIRPLUS,,2024-06-01 03:00:45.234828,2024-07-29 18:01:37.354942,171,59,AYFINNAIRPLUS,0.012,0.01,1,2024-04-01,3000-10-10,Ascenda Partner,Diners Black Cards
59,BAAVIOS,,2024-06-02 06:32:45.083652,2024-07-30 01:58:48.554828,81,59,BAAVIOS,0.014,0.0125,2,2024-01-01,3000-10-10,Ascenda Partner,Infinia Cards
59,ETHGUEST,,2024-06-01 14:42:52.614376,2024-07-29 10:37:18.574067,127,59,ETHGUEST,0.0134,0.012,2,2023-02-03,3000-10-10,Ascenda Partner,Infinia Cards
59,IHGREWARDSCLUB,,2024-06-01 08:38:26.636235,2024-07-29 11:34:55.61713,303,59,IHGREWARDSCLUB,0.008,0.007,1,2023-02-03,3000-10-10,Ascenda Partner,Infinia Cards
59,TKMILESANDSMILES,,2024-06-02 15:56:52.232979,2024-07-25 17:03:19.109732,53,59,TKMILESANDSMILES,0.0164,0.0142,2,2024-01-15,3000-10-10,Ascenda Partner,Infinia Cards
59,UAMILEAGEPLUS,,2024-06-01 14:14:18.329362,2024-07-29 09:39:32.513797,28,59,UAMILEAGEPLUS,0.017,0.014,2,2023-02-03,3000-10-10,Ascenda Partner,Infinia Cards
59,VNLOTUSMILES,,2024-06-07 10:39:44.874105,2024-07-23 16:59:53.946818,4,59,VNLOTUSMILES,0.012,0.0105,1,2023-02-03,3000-10-10,Ascenda Partner,Infinia Cards
59,WHWYNDHAMREWARDS,,2024-06-02 14:49:37.577354,2024-07-28 05:22:20.302292,21,59,WHWYNDHAMREWARDS,0.0134,0.012,1,2023-02-03,3000-10-10,Ascenda Partner,Infinia Cards
60,ACAEROPLAN,AFFLUENT,2024-06-06 16:45:09.320923,2024-07-28 05:30:07.14162,6,60,ACAEROPLAN,0.0144357,0.012270345,10,2023-04-05,3000-10-10,Ascenda Partner,AFFLUENT
60,ACAEROPLAN,Atlas,2024-06-08 11:15:09.134465,2024-07-27 17:00:10.605263,77,,,,,,,,,
60,ACAEROPLAN,Burgundy Private,2024-06-02 12:45:10.634414,2024-07-24 08:45:07.025841,23,60,ACAEROPLAN,0.0144357,0.012270345,1.25,2023-09-01,3000-10-10,Ascenda Partner,Burgundy Private
60,ACAEROPLAN,HNI,2024-06-03 13:30:09.044043,2024-07-30 03:00:06.843911,90,60,ACAEROPLAN,0.0144357,0.012270345,2.5,2023-09-01,3000-10-10,Ascenda Partner,HNI
60,ACAEROPLAN,Horizon,2024-07-18 08:45:09.277924,2024-07-27 00:30:08.246338,3,,,,,,,,,
60,ACAEROPLAN,IOCL,2024-07-18 06:45:08.444709,2024-07-20 07:00:07.20749,2,,,,,,,,,
60,ACAEROPLAN,Magnus Burgundy,2024-06-01 05:30:13.909196,2024-07-29 04:00:07.182384,526,60,ACAEROPLAN,0.0144357,0.012270345,1.25,2023-09-01,3000-10-10,Ascenda Partner,Magnus Burgundy
60,ACAEROPLAN,Magnus Burgundy Private,2024-06-24 16:30:08.437385,2024-07-20 08:15:07.64796,4,,,,,,,,,
60,ACAEROPLAN,MILE,2024-06-01 06:30:10.166146,2024-06-07 08:30:08.837337,10,60,ACAEROPLAN,0.0144357,0.012270345,0.5,2023-04-05,3000-10-10,Ascenda Partner,MILE
60,ACAEROPLAN,Non Magnus Burgundy,2024-06-01 13:00:07.353475,2024-07-29 04:00:08.040448,34,60,ACAEROPLAN,0.0144357,0.012270345,1.25,2023-09-01,3000-10-10,Ascenda Partner,Non Magnus Burgundy
60,ACAEROPLAN,Olympus,2024-07-17 10:30:14.090364,2024-07-29 16:15:10.405975,14,,,,,,,,,
60,ACAEROPLAN,Primus,2024-07-20 01:45:06.52915,2024-07-20 01:45:06.52915,1,,,,,,,,,
60,ACAEROPLAN,RETAIL,2024-06-14 16:30:13.997261,2024-07-20 11:30:08.64495,3,60,ACAEROPLAN,0.0144357,0.012270345,20,2023-04-05,3000-10-10,Ascenda Partner,RETAIL
60,ACCORLECLUB,AFFLUENT,2024-06-02 02:30:08.561624,2024-07-30 03:15:07.029062,152,60,ACCORLECLUB,0.017848875,0.01622625,10,2023-10-01,3000-10-10,Ascenda Partner,AFFLUENT
60,ACCORLECLUB,Atlas,2024-06-08 11:15:12.400429,2024-07-30 04:15:10.2351,3178,,,,,,,,,
60,ACCORLECLUB,Burgundy Private,2024-06-01 05:15:07.405805,2024-07-30 03:30:07.371358,145,60,ACCORLECLUB,0.017848875,0.01622625,1.25,2023-10-01,3000-10-10,Ascenda Partner,Burgundy Private
60,ACCORLECLUB,HNI,2024-06-01 00:45:07.724502,2024-07-30 04:30:07.541457,3215,60,ACCORLECLUB,0.017848875,0.01622625,2.5,2023-10-01,3000-10-10,Ascenda Partner,HNI
60,ACCORLECLUB,Horizon,2024-07-17 09:45:07.088096,2024-07-29 18:30:09.035243,52,,,,,,,,,
60,ACCORLECLUB,IOCL,2024-07-17 16:30:10.522958,2024-07-29 13:30:09.491102,27,,,,,,,,,
60,ACCORLECLUB,Magnus Burgundy,2024-06-01 00:00:08.353429,2024-07-30 02:30:07.551958,4298,60,ACCORLECLUB,0.017848875,0.01622625,1.25,2023-10-01,3000-10-10,Ascenda Partner,Magnus Burgundy
60,ACCORLECLUB,Magnus Burgundy Private,2024-06-15 15:30:26.043374,2024-07-22 16:15:10.482978,19,,,,,,,,,
60,ACCORLECLUB,MILE,2024-06-01 00:45:06.951738,2024-06-07 17:45:09.771391,225,60,ACCORLECLUB,0.017848875,0.01622625,0.5,2023-10-01,3000-10-10,Ascenda Partner,MILE
60,ACCORLECLUB,Non Magnus Burgundy,2024-06-01 07:30:08.357592,2024-07-29 19:15:06.525594,245,60,ACCORLECLUB,0.017848875,0.01622625,1.25,2023-10-01,3000-10-10,Ascenda Partner,Non Magnus Burgundy
60,ACCORLECLUB,Olympus,2024-07-17 09:45:11.956127,2024-07-29 18:00:06.699557,24,,,,,,,,,
60,ACCORLECLUB,RETAIL,2024-06-01 17:00:06.702947,2024-07-29 17:15:07.451162,44,60,ACCORLECLUB,0.017848875,0.01622625,20,2023-10-01,3000-10-10,Ascenda Partner,RETAIL
60,AFFLYINGBLUE,AFFLUENT,2024-06-01 20:30:10.479114,2024-07-24 10:15:07.646083,7,60,AFFLYINGBLUE,0.0121,0.011,10,2022-08-26,3000-10-10,Ascenda Partner,AFFLUENT
60,AFFLYINGBLUE,Atlas,2024-06-09 03:45:06.947881,2024-07-28 08:30:09.138399,39,,,,,,,,,
60,AFFLYINGBLUE,Burgundy Private,2024-06-01 12:45:08.88635,2024-07-28 09:00:06.962101,38,60,AFFLYINGBLUE,0.0121,0.011,1.25,2023-09-01,3000-10-10,Ascenda Partner,Burgundy Private
60,AFFLYINGBLUE,HNI,2024-06-02 06:15:07.566618,2024-07-29 21:00:07.444466,61,60,AFFLYINGBLUE,0.0121,0.011,2.5,2023-09-01,3000-10-10,Ascenda Partner,HNI
60,AFFLYINGBLUE,Horizon,2024-07-18 08:45:11.631324,2024-07-29 10:30:09.12152,6,,,,,,,,,
60,AFFLYINGBLUE,IOCL,2024-07-28 04:15:10.068038,2024-07-28 04:15:10.068038,1,,,,,,,,,
60,AFFLYINGBLUE,Magnus Burgundy,2024-06-01 19:30:07.680103,2024-07-29 06:30:08.106653,250,60,AFFLYINGBLUE,0.0121,0.011,1.25,2023-09-01,3000-10-10,Ascenda Partner,Magnus Burgundy
60,AFFLYINGBLUE,Magnus Burgundy Private,2024-07-09 17:45:09.818072,2024-07-09 17:45:09.818072,1,,,,,,,,,
60,AFFLYINGBLUE,MILE,2024-06-01 20:30:09.60748,2024-06-03 13:00:08.584355,4,60,AFFLYINGBLUE,0.0121,0.011,0.5,2022-06-01,3000-10-10,Ascenda Partner,MILE
60,AFFLYINGBLUE,Non Magnus Burgundy,2024-06-24 07:45:07.223639,2024-07-29 23:00:06.859024,14,60,AFFLYINGBLUE,0.0121,0.011,1.25,2023-09-01,3000-10-10,Ascenda Partner,Non Magnus Burgundy
60,AFFLYINGBLUE,Olympus,2024-07-17 14:15:10.607696,2024-07-29 06:30:10.970676,5,,,,,,,,,
60,AFFLYINGBLUE,Primus,2024-07-20 19:30:08.177425,2024-07-29 05:30:08.926203,3,,,,,,,,,
60,AFFLYINGBLUE,RETAIL,2024-06-01 19:45:07.175478,2024-07-25 04:30:07.22912,3,60,AFFLYINGBLUE,0.0121,0.011,20,2022-08-26,3000-10-10,Ascenda Partner,RETAIL
60,ETHGUEST,AFFLUENT,2024-06-01 19:15:07.76146,2024-07-24 14:30:09.376712,13,60,ETHGUEST,0.0144,0.012,10,2022-08-26,3000-10-10,Ascenda Partner,AFFLUENT
60,ETHGUEST,Atlas,2024-06-13 12:45:07.101022,2024-07-28 14:45:11.428726,33,,,,,,,,,
60,ETHGUEST,Burgundy Private,2024-06-05 03:30:08.100764,2024-07-08 10:15:07.339769,6,60,ETHGUEST,0.0144,0.012,1.25,2023-09-01,3000-10-10,Ascenda Partner,Burgundy Private
60,ETHGUEST,HNI,2024-06-01 20:00:06.708286,2024-07-28 08:00:07.845844,80,60,ETHGUEST,0.0144,0.012,2.5,2023-09-01,3000-10-10,Ascenda Partner,HNI
60,ETHGUEST,Horizon,2024-07-17 21:45:07.738765,2024-07-29 18:45:08.783235,6,,,,,,,,,
60,ETHGUEST,IOCL,2024-07-17 16:45:11.347023,2024-07-18 13:15:07.878926,2,,,,,,,,,
60,ETHGUEST,Magnus Burgundy,2024-06-01 16:00:11.877683,2024-07-28 06:00:08.789336,74,60,ETHGUEST,0.0144,0.012,1.25,2023-09-01,3000-10-10,Ascenda Partner,Magnus Burgundy
60,ETHGUEST,MILE,2024-06-01 17:30:20.496717,2024-06-07 05:15:09.362986,2,60,ETHGUEST,0.0144,0.012,0.5,2022-06-01,3000-10-10,Ascenda Partner,MILE
60,ETHGUEST,Non Magnus Burgundy,2024-06-05 06:30:07.959421,2024-06-28 12:00:06.772283,4,60,ETHGUEST,0.0144,0.012,1.25,2023-09-01,3000-10-10,Ascenda Partner,Non Magnus Burgundy
60,ETHGUEST,Olympus,2024-07-18 14:30:11.313439,2024-07-23 06:00:06.650671,7,,,,,,,,,
60,ETHGUEST,RETAIL,2024-06-12 14:30:07.980871,2024-07-11 18:15:06.423069,7,60,ETHGUEST,0.0144,0.012,20,2022-08-26,3000-10-10,Ascenda Partner,RETAIL
60,IHGREWARDSCLUB,AFFLUENT,2024-06-20 15:15:07.666064,2024-07-29 15:15:10.581593,15,60,IHGREWARDSCLUB,0.0084,0.007,10,2022-08-26,3000-10-10,Ascenda Partner,AFFLUENT
60,IHGREWARDSCLUB,Atlas,2024-06-20 15:00:08.331231,2024-07-29 06:15:06.666837,9,,,,,,,,,
60,IHGREWARDSCLUB,Burgundy Private,2024-06-03 18:15:09.623809,2024-07-27 16:15:08.140255,12,60,IHGREWARDSCLUB,0.0084,0.007,1.25,2023-09-01,3000-10-10,Ascenda Partner,Burgundy Private
60,IHGREWARDSCLUB,HNI,2024-06-04 11:45:09.072987,2024-07-28 08:30:09.962171,53,60,IHGREWARDSCLUB,0.0084,0.007,2.5,2023-09-01,3000-10-10,Ascenda Partner,HNI
60,IHGREWARDSCLUB,Horizon,2024-07-17 12:15:08.112123,2024-07-22 14:45:06.37888,6,,,,,,,,,
60,IHGREWARDSCLUB,Magnus Burgundy,2024-06-12 12:15:10.281921,2024-07-17 11:45:07.578818,9,60,IHGREWARDSCLUB,0.0084,0.007,1.25,2023-09-01,3000-10-10,Ascenda Partner,Magnus Burgundy
60,IHGREWARDSCLUB,MILE,2024-06-03 11:30:07.917772,2024-06-07 05:15:08.035318,3,60,IHGREWARDSCLUB,0.0084,0.007,0.5,2022-06-01,3000-10-10,Ascenda Partner,MILE
60,IHGREWARDSCLUB,Non Magnus Burgundy,2024-07-26 09:45:06.955509,2024-07-26 09:45:06.955509,1,60,IHGREWARDSCLUB,0.0084,0.007,1.25,2023-09-01,3000-10-10,Ascenda Partner,Non Magnus Burgundy
60,IHGREWARDSCLUB,Olympus,2024-07-18 14:45:07.009763,2024-07-26 05:30:09.608907,4,,,,,,,,,
60,IHGREWARDSCLUB,RETAIL,2024-07-11 16:15:12.14133,2024-07-28 05:15:11.592815,4,60,IHGREWARDSCLUB,0.0084,0.007,20,2022-08-26,3000-10-10,Ascenda Partner,RETAIL
60,JALMILEAGEBANK,Atlas,2024-06-09 16:00:09.407806,2024-07-26 03:30:08.581037,14,,,,,,,,,
60,JALMILEAGEBANK,HNI,2024-06-02 11:30:11.847354,2024-07-27 20:45:06.95004,13,60,JALMILEAGEBANK,0.0225,0.019,2.5,2023-09-01,3000-10-10,Ascenda Partner,HNI
60,JALMILEAGEBANK,Horizon,2024-07-17 13:15:08.165537,2024-07-17 13:15:08.165537,1,,,,,,,,,
60,JALMILEAGEBANK,Magnus Burgundy,2024-06-01 02:30:10.048269,2024-07-29 16:30:07.277311,103,60,JALMILEAGEBANK,0.0225,0.019,1.25,2023-09-01,3000-10-10,Ascenda Partner,Magnus Burgundy
60,JALMILEAGEBANK,MILE,2024-06-02 06:15:09.979846,2024-06-07 16:00:18.676708,2,60,JALMILEAGEBANK,0.0225,0.019,0.5,2023-04-05,3000-10-10,Ascenda Partner,MILE
60,JALMILEAGEBANK,Non Magnus Burgundy,2024-06-05 06:30:08.783801,2024-07-26 09:30:10.592251,13,60,JALMILEAGEBANK,0.0225,0.019,1.25,2023-09-01,3000-10-10,Ascenda Partner,Non Magnus Burgundy
60,JALMILEAGEBANK,Olympus,2024-07-18 17:15:07.722124,2024-07-28 07:30:11.110274,3,,,,,,,,,
60,MIMARRIOTTBONVOY,AFFLUENT,2024-06-02 09:00:07.176691,2024-07-30 04:15:06.584577,69,60,MIMARRIOTTBONVOY,0.0131,0.0125,10,2022-08-26,3000-10-10,Joint Ascenda-Marriott Partner,AFFLUENT
60,MIMARRIOTTBONVOY,Atlas,2024-06-10 18:45:12.161475,2024-07-28 11:30:09.441669,55,,,,,,,,,
60,MIMARRIOTTBONVOY,Burgundy Private,2024-06-01 13:45:06.683311,2024-07-23 13:30:09.544386,48,60,MIMARRIOTTBONVOY,0.0131,0.0125,1.25,2023-09-01,3000-10-10,Joint Ascenda-Marriott Partner,Burgundy Private
60,MIMARRIOTTBONVOY,HNI,2024-06-01 01:45:07.573589,2024-07-29 14:15:08.149672,512,60,MIMARRIOTTBONVOY,0.0131,0.0125,2.5,2023-09-01,3000-10-10,Joint Ascenda-Marriott Partner,HNI
60,MIMARRIOTTBONVOY,Horizon,2024-06-27 10:00:07.389463,2024-07-28 19:00:06.585689,19,,,,,,,,,
60,MIMARRIOTTBONVOY,IOCL,2024-07-25 04:45:08.229498,2024-07-28 10:15:08.486009,4,,,,,,,,,
60,MIMARRIOTTBONVOY,Magnus Burgundy,2024-06-01 07:00:11.019227,2024-07-30 01:15:06.577185,250,60,MIMARRIOTTBONVOY,0.0131,0.0125,1.25,2023-09-01,3000-10-10,Joint Ascenda-Marriott Partner,Magnus Burgundy
60,MIMARRIOTTBONVOY,MILE,2024-06-04 09:45:07.525071,2024-06-04 09:45:07.525071,1,60,MIMARRIOTTBONVOY,0.0131,0.0125,2,2022-06-01,3000-10-10,Joint Ascenda-Marriott Partner,MILE
60,MIMARRIOTTBONVOY,Non Magnus Burgundy,2024-06-09 11:30:10.490883,2024-07-25 07:15:08.071808,13,60,MIMARRIOTTBONVOY,0.0131,0.0125,1.25,2023-09-01,3000-10-10,Joint Ascenda-Marriott Partner,Non Magnus Burgundy
60,MIMARRIOTTBONVOY,Olympus,2024-07-17 17:30:07.50945,2024-07-29 06:30:10.085265,8,,,,,,,,,
60,MIMARRIOTTBONVOY,Primus,2024-07-23 13:30:10.43725,2024-07-25 04:00:08.122306,2,,,,,,,,,
60,MIMARRIOTTBONVOY,RETAIL,2024-06-01 16:00:10.472768,2024-07-29 11:30:07.309288,24,60,MIMARRIOTTBONVOY,0.0131,0.0125,20,2022-08-26,3000-10-10,Joint Ascenda-Marriott Partner,RETAIL
60,QFQANTAS,AFFLUENT,2024-07-18 03:30:07.964205,2024-07-22 02:30:08.169319,3,60,QFQANTAS,0.012,0.01,10,2023-04-05,3000-10-10,Ascenda Partner,AFFLUENT
60,QFQANTAS,Atlas,2024-06-17 16:00:07.14213,2024-07-25 15:15:10.184877,13,,,,,,,,,
60,QFQANTAS,Burgundy Private,2024-06-01 09:30:09.113279,2024-07-17 21:30:09.154642,4,60,QFQANTAS,0.012,0.01,1.25,2023-09-01,3000-10-10,Ascenda Partner,Burgundy Private
60,QFQANTAS,HNI,2024-06-01 16:30:11.300775,2024-07-29 12:15:10.413356,31,60,QFQANTAS,0.012,0.01,2.5,2023-09-01,3000-10-10,Ascenda Partner,HNI
60,QFQANTAS,IOCL,2024-07-23 00:15:06.234774,2024-07-23 00:15:06.234774,1,,,,,,,,,
60,QFQANTAS,Magnus Burgundy,2024-06-05 11:45:08.304219,2024-07-29 04:30:08.37418,98,60,QFQANTAS,0.012,0.01,1.25,2023-09-01,3000-10-10,Ascenda Partner,Magnus Burgundy
60,QFQANTAS,MILE,2024-06-01 07:15:06.81057,2024-06-01 07:15:06.81057,1,60,QFQANTAS,0.012,0.01,0.5,2023-04-05,3000-10-10,Ascenda Partner,MILE
60,QFQANTAS,Non Magnus Burgundy,2024-06-14 16:15:11.091559,2024-07-18 15:00:16.113083,11,60,QFQANTAS,0.012,0.01,1.25,2023-09-01,3000-10-10,Ascenda Partner,Non Magnus Burgundy
60,TGROYALORCHIDPLUS,AFFLUENT,2024-06-05 19:00:09.417835,2024-07-28 14:45:12.556582,3,60,TGROYALORCHIDPLUS,0.015,0.0125,10,2023-04-05,3000-10-10,Ascenda Partner,AFFLUENT
60,TGROYALORCHIDPLUS,Atlas,2024-07-14 14:30:08.45502,2024-07-25 19:00:07.359903,2,,,,,,,,,
60,TGROYALORCHIDPLUS,Burgundy Private,2024-06-11 02:15:07.470321,2024-06-19 17:30:11.249452,2,60,TGROYALORCHIDPLUS,0.015,0.0125,1.25,2023-09-01,3000-10-10,Ascenda Partner,Burgundy Private
60,TGROYALORCHIDPLUS,HNI,2024-06-12 14:00:08.639703,2024-07-27 17:30:11.791944,15,60,TGROYALORCHIDPLUS,0.015,0.0125,2.5,2023-09-01,3000-10-10,Ascenda Partner,HNI
60,TGROYALORCHIDPLUS,Magnus Burgundy,2024-06-02 07:00:09.36689,2024-07-07 09:30:08.977934,5,60,TGROYALORCHIDPLUS,0.015,0.0125,1.25,2023-09-01,3000-10-10,Ascenda Partner,Magnus Burgundy
60,TGROYALORCHIDPLUS,MILE,2024-06-01 13:15:08.237557,2024-06-06 20:00:07.910405,3,60,TGROYALORCHIDPLUS,0.015,0.0125,0.5,2023-04-05,3000-10-10,Ascenda Partner,MILE
60,TGROYALORCHIDPLUS,Non Magnus Burgundy,2024-06-20 09:00:09.746582,2024-06-20 09:00:09.746582,1,60,TGROYALORCHIDPLUS,0.015,0.0125,1.25,2023-09-01,3000-10-10,Ascenda Partner,Non Magnus Burgundy
60,TGROYALORCHIDPLUS,RETAIL,2024-07-19 06:15:06.981127,2024-07-24 08:45:07.860061,3,60,TGROYALORCHIDPLUS,0.015,0.0125,20,2023-04-05,3000-10-10,Ascenda Partner,RETAIL
60,UAMILEAGEPLUS,AFFLUENT,2024-07-11 12:30:09.725844,2024-07-28 03:00:08.248557,5,60,UAMILEAGEPLUS,0.018,0.014,10,2022-08-26,3000-10-10,Ascenda Partner,AFFLUENT
60,UAMILEAGEPLUS,Atlas,2024-06-09 13:15:08.080289,2024-07-29 14:15:06.18331,61,,,,,,,,,
60,UAMILEAGEPLUS,Burgundy Private,2024-06-04 18:00:09.098947,2024-07-28 03:00:09.095522,32,60,UAMILEAGEPLUS,0.018,0.014,1.25,2023-09-01,3000-10-10,Ascenda Partner,Burgundy Private
60,UAMILEAGEPLUS,HNI,2024-06-01 07:00:10.220366,2024-07-30 03:45:06.929396,88,60,UAMILEAGEPLUS,0.018,0.014,2.5,2023-09-01,3000-10-10,Ascenda Partner,HNI
60,UAMILEAGEPLUS,IOCL,2024-07-19 12:15:10.346814,2024-07-19 12:15:10.346814,1,,,,,,,,,
60,UAMILEAGEPLUS,Magnus Burgundy,2024-06-01 04:30:08.169819,2024-07-29 14:45:06.558854,315,60,UAMILEAGEPLUS,0.018,0.014,1.25,2023-09-01,3000-10-10,Ascenda Partner,Magnus Burgundy
60,UAMILEAGEPLUS,Magnus Burgundy Private,2024-07-21 17:30:07.543515,2024-07-21 17:30:07.543515,1,,,,,,,,,
60,UAMILEAGEPLUS,MILE,2024-06-02 01:30:08.100066,2024-06-07 10:45:08.673196,13,60,UAMILEAGEPLUS,0.018,0.014,0.5,2022-06-01,3000-10-10,Ascenda Partner,MILE
60,UAMILEAGEPLUS,Non Magnus Burgundy,2024-06-04 11:30:10.45289,2024-07-25 07:30:07.993663,17,60,UAMILEAGEPLUS,0.018,0.014,1.25,2023-09-01,3000-10-10,Ascenda Partner,Non Magnus Burgundy
60,UAMILEAGEPLUS,Olympus,2024-07-19 17:30:07.926976,2024-07-30 04:15:09.398687,12,,,,,,,,,
60,UAMILEAGEPLUS,RETAIL,2024-06-21 03:45:08.392225,2024-06-21 03:45:08.392225,1,60,UAMILEAGEPLUS,0.018,0.014,20,2022-08-26,3000-10-10,Ascenda Partner,RETAIL
60,WHWYNDHAMREWARDS,AFFLUENT,2024-07-27 12:00:07.637744,2024-07-27 12:00:07.637744,1,60,WHWYNDHAMREWARDS,0.0144,0.012,10,2023-04-05,3000-10-10,Ascenda Partner,AFFLUENT
60,WHWYNDHAMREWARDS,Atlas,2024-06-24 18:45:07.067606,2024-07-28 18:30:07.855136,3,,,,,,,,,
60,WHWYNDHAMREWARDS,HNI,2024-06-13 11:15:08.93986,2024-07-22 16:30:11.438922,6,60,WHWYNDHAMREWARDS,0.0144,0.012,2.5,2023-09-01,3000-10-10,Ascenda Partner,HNI
60,WHWYNDHAMREWARDS,Magnus Burgundy,2024-06-08 12:00:10.989485,2024-07-19 13:45:08.097421,19,60,WHWYNDHAMREWARDS,0.0144,0.012,1.25,2023-09-01,3000-10-10,Ascenda Partner,Magnus Burgundy
60,WHWYNDHAMREWARDS,MILE,2024-06-02 05:30:09.651723,2024-06-02 05:30:09.651723,1,60,WHWYNDHAMREWARDS,0.0144,0.012,0.5,2023-04-05,3000-10-10,Ascenda Partner,MILE
62,MIMARRIOTTBONVOY,,2024-06-01 01:06:18.912567,2024-07-28 19:31:54.059224,192,62,MIMARRIOTTBONVOY,0.0097375,0.0095,1,2021-05-03,3000-10-10,Direct Partner,""
64,ACCORLECLUB,,2024-06-23 14:56:29.422854,2024-07-25 13:56:19.628985,8,64,ACCORLECLUB,0.025962,0.021635,2,2022-10-03,3000-10-10,Ascenda Partner,""
64,AFFLYINGBLUE,,2024-06-02 14:08:36.475488,2024-07-30 01:40:53.289369,825,64,AFFLYINGBLUE,0.0132,0.012,1.25,2022-06-28,3000-10-10,Ascenda Partner,""
64,AVLIFEMILES,,2024-06-01 16:10:09.247426,2024-07-16 16:51:28.042088,8,64,AVLIFEMILES,0.014,0.0125,1.25,2022-06-28,3000-10-10,Ascenda Partner,""
64,BAAVIOS,,2024-06-02 00:56:25.389024,2024-07-30 01:31:47.674215,233,64,BAAVIOS,0,0,0,2022-06-28,3000-10-10,Direct Partner,""
64,EIAERCLUB,,2024-06-12 00:25:34.037417,2024-07-26 12:29:31.847306,8,64,EIAERCLUB,0,0,0,2022-06-28,3000-10-10,Direct Partner,""
64,EKSKYWARDS_V2,,2024-06-04 13:06:45.171397,2024-07-29 11:53:00.137911,53,,,,,,,,,
64,EVAINFML,,2024-06-05 05:09:39.687386,2024-07-29 02:01:33.283466,33,64,EVAINFML,0.013,0.01155,1.25,2022-06-28,3000-10-10,Ascenda Partner,""
64,IBIBERIAPLUS,,2024-06-09 12:46:42.768423,2024-07-29 15:11:00.911664,13,64,IBIBERIAPLUS,0,0,0,2022-06-28,3000-10-10,Direct Partner,""
64,QFQANTAS,,2024-06-01 22:56:55.23215,2024-07-30 01:00:02.533376,149,64,QFQANTAS,0.0115,0.01,1,2022-06-28,3000-10-10,Ascenda Partner,""
64,QRPRIVILEGECLUB,,2024-06-02 09:48:37.30931,2024-07-24 18:27:26.474768,19,64,QRPRIVILEGECLUB,0.016,0.014,1.25,2022-04-29,3000-10-10,Ascenda Partner,""
64,TKMILESANDSMILES,,2024-06-03 08:26:15.176767,2024-07-28 23:04:41.421039,20,64,TKMILESANDSMILES,0.0164,0.0142,1.25,2024-01-01,3000-10-10,Ascenda Partner,""
64,TPMILESANDGO,,2024-06-11 00:48:09.335154,2024-07-29 09:44:30.940864,5,64,TPMILESANDGO,0.0105,0.0095,1,2022-06-28,3000-10-10,Ascenda Partner,""
64,WHWYNDHAMREWARDS,,2024-07-19 00:40:57.862237,2024-07-19 00:40:57.862237,1,64,WHWYNDHAMREWARDS,0.0135,0.012,1.25,2022-06-28,3000-10-10,Ascenda Partner,""
66,AABIG,,2024-06-04 09:34:07.76346,2024-07-29 06:20:30.796753,25,,,,,,,,,
66,ACAEROPLAN,,2024-06-05 17:39:54.415205,2024-07-29 05:13:50.982699,14,66,ACAEROPLAN,0.014,0.012270345,3.5,2023-11-09,3000-10-10,Ascenda Partner,""
66,ACCORLECLUB,,2024-06-06 07:08:11.634962,2024-07-28 16:12:43.317025,24,66,ACCORLECLUB,0.025962,0.021635,5,2023-05-11,3000-10-10,Ascenda Partner,""
66,AFFLYINGBLUE,,2024-06-01 01:55:54.051966,2024-07-28 09:44:24.081903,49,66,AFFLYINGBLUE,0.0121,0.011,2.5,2023-05-11,3000-10-10,Ascenda Partner,""
66,BAAVIOS,,2024-06-01 05:09:10.762406,2024-07-29 14:03:49.498802,200,,,,,,,,,
66,CXASIAMILES,,2024-06-01 02:21:21.269964,2024-07-30 00:14:38.042838,221,,,,,,,,,
66,ETHGUEST,,2024-06-08 02:54:47.08257,2024-07-28 20:37:52.61277,7,,,,,,,,,
66,EVAINFML,,2024-06-01 03:14:45.12417,2024-07-30 02:17:38.759131,152,66,EVAINFML,0.013,0.01155,2.5,2023-05-11,3000-10-10,Ascenda Partner,""
66,IHGREWARDSCLUB,,2024-06-01 03:02:34.199531,2024-07-29 04:23:49.872608,23,66,IHGREWARDSCLUB,0.0084,0.007,2.5,2023-05-11,3000-10-10,Ascenda Partner,""
66,JALMILEAGEBANK,,2024-06-06 01:58:58.604882,2024-07-26 09:04:24.132765,5,66,JALMILEAGEBANK,0.022,0.019,5,2023-11-09,3000-10-10,Ascenda Partner,""
66,MIMARRIOTTBONVOY,,2024-06-01 02:25:46.413985,2024-07-29 02:57:11.282582,93,66,MIMARRIOTTBONVOY,0.009,0.008775,2.5,2023-05-11,3000-10-10,Joint Ascenda-Marriott Partner,""
66,QFQANTAS,,2024-06-02 23:48:06.869811,2024-07-29 14:01:04.596313,28,66,QFQANTAS,0.012,0.01,2.5,2023-05-11,3000-10-10,Ascenda Partner,""
66,QRPRIVILEGECLUB,,2024-06-04 14:25:25.401335,2024-07-30 03:46:41.058294,36,66,QRPRIVILEGECLUB,0.0165,0.014,3.5,2023-11-09,3000-10-10,Ascenda Partner,""
66,SQKF,,2024-06-01 00:04:44.787347,2024-07-30 04:27:19.392284,11042,,,,,,,,,
66,TGROYALORCHIDPLUS,,2024-06-01 02:15:06.058844,2024-07-26 06:10:24.986945,6,66,TGROYALORCHIDPLUS,0.015,0.0125,3,2023-11-09,3000-10-10,Ascenda Partner,""
66,TKMILESANDSMILES,,2024-06-12 14:44:56.143312,2024-07-26 10:29:28.346373,16,66,TKMILESANDSMILES,0.0164,0.0142,3.5,2024-01-01,3000-10-10,Ascenda Partner,""
66,UAMILEAGEPLUS,,2024-06-07 15:23:49.733901,2024-07-26 02:29:53.199958,7,66,UAMILEAGEPLUS,0.0175,0.015,3.5,2024-02-28,3000-10-10,Ascenda Partner,""
66,UKCLUBVISTARA,,2024-06-20 15:03:34.45683,2024-07-29 16:37:00.962529,4,66,UKCLUBVISTARA,0.018,0.015,4,2023-11-09,3000-10-10,Ascenda Partner,""
66,VNLOTUSMILES,,2024-06-30 10:33:48.654773,2024-07-06 13:23:06.411393,3,66,VNLOTUSMILES,0.012,0.0105,2.5,2023-05-11,3000-10-10,Ascenda Partner,""
67,ACAEROPLAN,,2024-06-01 06:31:02.329106,2024-07-29 16:53:20.69711,67,67,ACAEROPLAN,0.0140748075,0.012270345,0.05,2021-10-27,3000-10-10,Ascenda Partner,""
67,ACCORLECLUB,,2024-06-01 01:58:42.844089,2024-07-29 14:01:05.628469,637,67,ACCORLECLUB,0.021959525,0.01838975,0.05,2022-07-01,3000-10-10,Ascenda Partner,""
67,AFFLYINGBLUE,,2024-06-01 09:06:08.198201,2024-07-30 03:42:55.486595,49,67,AFFLYINGBLUE,0.011,0.0105,0.05,2021-10-27,3000-10-10,Ascenda Partner,""
67,AYFINNAIRPLUS,,2024-06-07 09:40:39.587901,2024-07-29 05:55:04.572903,65,67,AYFINNAIRPLUS,0.012,0.01,0.05,2024-05-01,3000-10-10,Ascenda Partner,""
67,EKSKYWARDS_V2,,2024-06-01 03:51:58.755556,2024-07-30 04:21:46.9534,239,,,,,,,,,
67,ETHGUEST,,2024-06-28 18:06:49.011573,2024-07-24 11:38:30.891524,3,,,,,,,,,
67,EVAINFML,,2024-06-01 02:14:37.517888,2024-07-30 00:31:23.47618,148,67,EVAINFML,0.013,0.01155,0.05,2021-10-27,3000-10-10,Ascenda Partner,""
67,IHGREWARDSCLUB,,2024-06-01 11:52:09.36375,2024-07-26 14:06:48.236563,41,67,IHGREWARDSCLUB,0.008,0.007,0.05,2021-10-27,3000-10-10,Ascenda Partner,""
67,MIMARRIOTTBONVOY,,2024-06-02 01:22:39.331584,2024-07-29 12:39:42.028168,167,67,MIMARRIOTTBONVOY,0.009,0.008775,0.05,2021-10-27,3000-10-10,Joint Ascenda-Marriott Partner,""
67,QFQANTAS,,2024-06-02 01:35:03.494114,2024-07-29 13:51:38.002857,79,67,QFQANTAS,0.0115,0.01,0.05,2021-10-27,3000-10-10,Ascenda Partner,""
67,QRPRIVILEGECLUB,,2024-06-01 03:12:50.726346,2024-07-30 02:43:56.570721,257,67,QRPRIVILEGECLUB,0.016,0.014,0.05,2021-10-27,3000-10-10,Ascenda Partner,""
67,TKMILESANDSMILES,,2024-06-01 08:00:49.086065,2024-07-29 05:16:07.116604,57,67,TKMILESANDSMILES,0,0.0142,0,2024-01-01,3000-10-10,Ascenda Partner,""
67,VNLOTUSMILES,,2024-06-22 22:35:01.147232,2024-07-23 14:22:48.094472,3,67,VNLOTUSMILES,0.012,0.0105,0.05,2021-10-27,3000-10-10,Ascenda Partner,""
68,AFFLYINGBLUE,,2024-06-01 12:27:02.792696,2024-07-29 16:47:27.872622,317,68,AFFLYINGBLUE,0.0127,0.0115,2,2022-07-18,3000-10-10,Ascenda Partner,""
68,AYFINNAIRPLUS,,2024-06-02 21:37:16.019624,2024-07-29 15:25:04.259468,28,68,AYFINNAIRPLUS,0.012,0.01,2,2024-05-01,3000-10-10,Ascenda Partner,""
68,BAAVIOS,,2024-06-01 01:03:04.770378,2024-07-29 23:46:50.233964,48360,68,BAAVIOS,0,0,0,2022-07-18,3000-10-10,Direct Partner,""
68,CXASIAMILES,,2024-06-01 10:18:44.22359,2024-07-30 02:15:18.92817,826,68,CXASIAMILES,0,0,0,2022-07-18,3000-10-10,Direct Partner,""
68,EKSKYWARDS_V2,,2024-06-01 06:39:54.343594,2024-07-29 22:51:49.670282,1146,,,,,,,,,
68,ETHGUEST,,2024-06-02 15:24:01.126252,2024-07-29 17:43:32.044165,141,,,,,,,,,
68,EVAINFML,,2024-06-01 20:16:06.884616,2024-07-26 15:02:26.97662,31,68,EVAINFML,0.013,0.01155,2,2022-07-18,3000-10-10,Ascenda Partner,""
68,IHGREWARDSCLUB,,2024-06-01 12:09:45.22752,2024-06-30 22:59:59.638371,202,68,IHGREWARDSCLUB,0.008,0.007,2,2022-07-18,3000-10-10,Ascenda Partner,""
68,QFQANTAS,,2024-06-01 23:27:06.200161,2024-07-29 20:39:33.955681,293,68,QFQANTAS,0.0115,0.01,2,2022-07-18,3000-10-10,Ascenda Partner,""
68,SQKF,,2024-06-02 12:53:59.776952,2024-07-29 23:26:33.118977,446,68,SQKF,0,0,0,2022-07-18,3000-10-10,Direct Partner,""
68,TPMILESANDGO,,2024-06-01 11:59:03.565412,2024-07-27 18:25:50.490537,60,68,TPMILESANDGO,0.011,0.0095,2,2022-07-18,3000-10-10,Ascenda Partner,""
68,WHWYNDHAMREWARDS,,2024-06-25 19:06:08.640133,2024-07-24 20:23:11.962251,8,68,WHWYNDHAMREWARDS,0.0135,0.012,2,2022-07-18,3000-10-10,Ascenda Partner,""
69,ACAEROPLAN,,2024-06-06 21:20:43.764513,2024-07-26 11:32:03.710026,17,69,ACAEROPLAN,0.0140748075,0.012270345,2.22222222222222,2021-10-18,3000-10-10,Ascenda Partner,"Mass / (Easy Points, Gold, Classic)"
69,ACCORLECLUB,,2024-06-10 21:36:33.77261,2024-07-24 15:47:09.382938,5,69,ACCORLECLUB,0.02488025,0.021635,3.33333333333333,2021-10-18,3000-10-10,Ascenda Partner,"Mass / (Easy Points, Gold, Classic)"
69,AFFLYINGBLUE,,2024-06-06 15:05:29.456718,2024-07-29 00:34:23.542992,23,69,AFFLYINGBLUE,0.0127,0.0115,1.66666666666667,2021-10-18,3000-10-10,Ascenda Partner,"Mass / (Easy Points, Gold, Classic)"
69,IHGREWARDSCLUB,,2024-06-04 16:00:33.557357,2024-07-29 22:48:59.214537,42,69,IHGREWARDSCLUB,0.008,0.007,1,2021-10-18,3000-10-10,Ascenda Partner,""
69,QFQANTAS,,2024-06-26 21:52:03.778521,2024-06-26 21:52:03.778521,1,69,QFQANTAS,0.0115,0.01,1.53846153846154,2021-10-18,3000-10-10,Ascenda Partner,"Mass / (Easy Points, Gold, Classic)"
69,QRPRIVILEGECLUB,,2024-06-05 18:32:39.429893,2024-07-24 22:13:23.083855,9,69,QRPRIVILEGECLUB,0.016,0.014,2,2021-10-18,3000-10-10,Ascenda Partner,"Mass / (Easy Points, Gold, Classic)"
69,TKMILESANDSMILES,,2024-06-12 17:22:35.100291,2024-07-23 00:53:39.574829,3,69,TKMILESANDSMILES,0.0164,0.0142,2.85714285714286,2024-01-01,3000-10-10,Ascenda Partner,"Mass / (Easy Points, Gold, Classic)"
69,WHWYNDHAMREWARDS,,2024-06-05 01:39:45.710693,2024-07-30 03:13:25.362323,6,69,WHWYNDHAMREWARDS,0.0135,0.012,1.66666666666667,2021-10-18,3000-10-10,Ascenda Partner,"Mass / (Easy Points, Gold, Classic)"
72,AABIG,,2024-06-01 07:24:14.797164,2024-07-30 04:23:09.564259,754,,,,,,,,,
72,ACCORLECLUB,,2024-06-02 07:58:44.78877,2024-07-29 02:57:31.096628,17,72,ACCORLECLUB,0.025962,0.021635,70,2023-05-16,3000-10-10,Ascenda Partner,""
72,AFFLYINGBLUE,,2024-07-20 11:12:08.735938,2024-07-20 11:12:08.735938,1,72,AFFLYINGBLUE,0.0121,0.011,35,2023-05-16,3000-10-10,Ascenda Partner,""
72,BAAVIOS,,2024-06-06 02:14:06.209855,2024-07-29 07:41:28.491799,15,,,,,,,,,
72,CXASIAMILES,,2024-06-03 08:38:38.13588,2024-07-21 03:23:44.348206,15,,,,,,,,,
72,ETHGUEST,,2024-06-08 11:07:01.385266,2024-07-25 07:37:00.163832,7,,,,,,,,,
72,EVAINFML,,2024-07-11 02:57:40.362316,2024-07-11 02:57:40.362316,1,72,EVAINFML,0.0135,0.01155,40,2023-05-16,3000-10-10,Ascenda Partner,""
72,IHGREWARDSCLUB,,2024-06-01 17:16:39.269227,2024-07-29 03:26:03.835068,23,72,IHGREWARDSCLUB,0.0084,0.007,25,2023-05-16,3000-10-10,Ascenda Partner,""
72,JALMILEAGEBANK,,2024-06-17 13:52:47.694935,2024-07-25 16:20:43.874903,6,72,JALMILEAGEBANK,0.022,0.019,60,2023-05-16,3000-10-10,Ascenda Partner,""
72,MHENRICH,,2024-06-01 00:06:44.912627,2024-07-30 04:17:23.963543,615,,,,,,,,,
72,MIMARRIOTTBONVOY,,2024-06-01 13:55:25.467054,2024-07-30 02:12:03.297775,131,72,MIMARRIOTTBONVOY,0.009,0.008775,25,2023-05-16,3000-10-10,Joint Ascenda-Marriott Partner,""
72,QFQANTAS,,2024-06-02 14:49:16.441359,2024-07-13 03:43:49.535341,2,72,QFQANTAS,0.012,0.01,35,2023-05-16,3000-10-10,Ascenda Partner,""
72,QRPRIVILEGECLUB,,2024-06-01 09:07:36.834936,2024-07-29 03:43:15.915857,27,72,QRPRIVILEGECLUB,0.016,0.014,45,2023-05-16,3000-10-10,Ascenda Partner,""
72,SQKF,,2024-06-01 07:16:08.925296,2024-07-30 04:35:20.064738,182,,,,,,,,,
72,TGROYALORCHIDPLUS,,2024-06-02 21:38:05.933288,2024-07-29 07:42:28.59579,6,72,TGROYALORCHIDPLUS,0.015,0.0125,45,2023-05-16,3000-10-10,Ascenda Partner,""
72,TKMILESANDSMILES,,2024-06-27 02:23:26.726335,2024-07-18 03:37:27.965462,5,72,TKMILESANDSMILES,0.0164,0.0142,45,2024-01-01,3000-10-10,Ascenda Partner,""
72,WHWYNDHAMREWARDS,,2024-07-08 02:52:32.764206,2024-07-08 02:52:32.764206,1,72,WHWYNDHAMREWARDS,0.014,0.012,40,2023-05-16,3000-10-10,Ascenda Partner,""
75,AABIG,,2024-06-01 06:15:11.678329,2024-07-28 04:06:40.438242,18,,,,,,,,,
75,ACCORLECLUB,,2024-06-04 09:25:40.870358,2024-07-23 07:04:21.70943,18,75,ACCORLECLUB,0.025962,0.021635,120,2023-05-19,3000-10-10,Ascenda Partner,""
75,BAAVIOS,,2024-06-02 15:16:40.694597,2024-07-12 13:51:12.487083,2,,,,,,,,,
75,CXASIAMILES,,2024-06-07 12:19:26.894878,2024-07-29 13:36:35.041743,11,,,,,,,,,
75,ETHGUEST,,2024-07-13 10:28:33.589521,2024-07-13 10:28:33.589521,1,,,,,,,,,
75,EVAINFML,,2024-06-12 04:56:27.52024,2024-07-01 10:04:53.327558,3,75,EVAINFML,0.0135,0.01155,65,2023-05-19,3000-10-10,Ascenda Partner,""
75,IHGREWARDSCLUB,,2024-06-21 11:55:27.197249,2024-07-30 04:19:48.751566,6,75,IHGREWARDSCLUB,0.0084,0.007,35,2023-05-19,3000-10-10,Ascenda Partner,""
75,MIMARRIOTTBONVOY,,2024-06-09 13:43:23.610539,2024-07-26 20:35:40.087126,24,75,MIMARRIOTTBONVOY,0.009,0.008775,0,2023-05-19,3000-10-10,Joint Ascenda-Marriott Partner,""
75,QRPRIVILEGECLUB,,2024-06-10 18:13:15.826446,2024-07-29 01:44:34.675214,12,75,QRPRIVILEGECLUB,0.016,0.014,80,2023-05-19,3000-10-10,Ascenda Partner,""
75,SQKF,,2024-06-03 09:34:27.721784,2024-06-25 03:14:13.644611,5,,,,,,,,,
75,TKMILESANDSMILES,,2024-06-04 06:03:24.282183,2024-06-10 03:13:38.401219,7,75,TKMILESANDSMILES,0.0164,0.0142,70,2024-01-01,3000-10-10,Ascenda Partner,""
75,UAMILEAGEPLUS,,2024-06-12 07:17:34.756737,2024-06-12 07:17:34.756737,1,75,UAMILEAGEPLUS,0.018,0.014,85,2023-05-19,3000-10-10,Ascenda Partner,""
75,VNLOTUSMILES,,2024-06-01 02:03:04.947795,2024-07-29 16:20:03.634964,328,,,,,,,,,
79,MIMARRIOTTBONVOY,,2024-06-01 01:13:10.453395,2024-07-30 04:08:26.597991,1308,79,MIMARRIOTTBONVOY,0.01025,0.01,1.3,2023-09-16,3000-10-10,Direct Partner,""
80,ACCORLECLUB,,2024-06-12 11:05:32.386932,2024-06-12 11:06:30.031878,2,,,,,,,,,
80,ACCORLECLUB,,2024-06-15 11:42:45.985134,2024-07-24 18:03:23.654226,19,80,ACCORLECLUB,0.017848875,0.015,3,2024-06-14,3000-10-10,Ascenda Partner,""
80,ETHGUEST,,2024-06-12 11:04:31.878156,2024-06-12 11:05:25.116716,2,,,,,,,,,
80,MIMARRIOTTBONVOY,,2024-06-05 03:32:44.668507,2024-07-27 09:38:41.741985,20,80,MIMARRIOTTBONVOY,0.0112,0.0105,2,2024-03-13,3000-10-10,Ascenda Partner,""
80,QRPRIVILEGECLUB,,2024-06-12 11:06:00.15945,2024-06-12 11:08:13.901827,2,,,,,,,,,
80,QRPRIVILEGECLUB,,2024-06-19 04:10:40.305829,2024-07-22 08:16:18.260168,10,80,QRPRIVILEGECLUB,0.0165,0.014,3,2024-06-14,3000-10-10,Ascenda Partner,""
80,UAMILEAGEPLUS,,2024-06-20 00:19:12.728623,2024-07-26 23:57:34.740199,7,80,UAMILEAGEPLUS,0.017,0.014,3,2024-03-13,3000-10-10,Ascenda Partner,""
80,VAVELOCITYFREQUENTFLYER,,2024-06-01 00:26:01.265327,2024-07-30 04:17:55.760785,1292,,,,,,,,,
80,VMACASHBACK,,2024-06-01 00:06:01.979318,2024-07-30 04:37:50.338869,1924,,,,,,,,,
85,ANZREWARDS_CREDITCARD_CASHBACK,,2024-06-01 00:13:51.005519,2024-07-30 04:38:09.233884,14839,,,,,,,,,
85,ANZREWARDS_TRANSACTIONACCOUNT_CASHBACK,,2024-06-01 00:03:45.222166,2024-07-30 04:37:23.455616,4059,,,,,,,,,
85,CXASIAMILES,,2024-06-01 01:21:58.296516,2024-07-29 09:03:20.530465,284,85,CXASIAMILES,0,0,3,2021-08-16,3000-10-10,Direct Partner,""
85,NZAIRPOINTS,,2024-06-01 00:50:24.392346,2024-07-29 09:05:55.120556,175,85,NZAIRPOINTS,0,0,200,2021-08-16,3000-10-10,Direct Partner,""
85,SQKF,,2024-06-01 02:07:56.076406,2024-07-30 02:51:08.813663,1387,85,SQKF,0,0,3,2021-08-16,3000-10-10,Direct Partner,""
85,VAVELOCITYFREQUENTFLYER,,2024-06-01 00:02:26.750057,2024-07-30 04:37:04.289778,18778,85,VAVELOCITYFREQUENTFLYER,0,0,2,2021-08-16,3000-10-10,Direct Partner,""
90,ANZBUSINESSREWARDS_CREDITCARD_CASHBACK,,2024-06-01 02:32:41.45344,2024-07-30 04:29:03.45614,683,,,,,,,,,
90,CXASIAMILES,,2024-06-01 13:20:16.536318,2024-07-21 09:17:26.930567,39,90,CXASIAMILES,0,0,3,2021-08-16,3000-10-10,Direct Partner,""
90,NZAIRPOINTS,,2024-06-06 02:58:31.753468,2024-07-27 09:00:10.698751,30,90,NZAIRPOINTS,0,0,200,2021-08-16,3000-10-10,Direct Partner,""
90,QFQANTAS,,2024-06-01 00:36:24.668373,2024-06-30 13:43:20.357274,6811,90,QFQANTAS,0,0,2,2021-08-16,2024-06-30,Direct Partner,""
90,QFQANTAS,,2024-07-02 08:10:45.345886,2024-07-29 22:07:49.173366,77,,,,,,,,,
90,SQKF,,2024-06-01 09:00:18.222635,2024-07-30 01:40:09.209405,218,90,SQKF,0,0,3,2021-08-16,3000-10-10,Direct Partner,""
90,VAVELOCITYFREQUENTFLYER,,2024-06-01 01:19:11.217712,2024-07-30 03:39:57.937594,1755,90,VAVELOCITYFREQUENTFLYER,0,0,2,2021-08-16,3000-10-10,Direct Partner,""
91,IHGREWARDSCLUB,,2024-06-04 12:02:03,2024-07-23 09:09:03,5,91,IHGREWARDSCLUB,0.0083,0.007,0,2021-09-13,3000-10-10,Ascenda Partner,""
92,MIMARRIOTTBONVOY,,2024-06-03 02:07:36,2024-07-26 03:48:07,214,92,MIMARRIOTTBONVOY,0.011275,0.011,20,2022-01-21,3000-10-10,Direct Partner,""
93,AABIG,,2024-06-01 05:40:31.737816,2024-06-11 02:05:26.393834,2,93,AABIG,0.0074,0.0058188429,1,2021-11-11,3000-10-10,Ascenda Partner,""
93,ACAEROPLAN,,2024-06-11 13:17:56.436288,2024-07-18 14:28:32.625013,6,93,ACAEROPLAN,0.0147740942475,0.012270345,2,2021-11-11,3000-10-10,Ascenda Partner,""
93,ACCORLECLUB,,2024-06-02 13:44:29.730929,2024-07-30 02:40:28.975587,48,93,ACCORLECLUB,0.033442959375,0.02704375,3.5,2021-11-11,3000-10-10,Ascenda Partner,""
93,AYFINNAIRPLUS,,2024-06-01 10:05:44.99403,2024-07-28 03:34:05.566779,83,93,AYFINNAIRPLUS,0.0115,0.01,1,2024-05-01,3000-10-10,Ascenda Partner,""
93,ETHGUEST,,2024-06-17 05:31:12.776264,2024-07-22 16:20:44.784381,3,93,ETHGUEST,0.0126,0.012,1.5,2021-11-11,3000-10-10,Ascenda Partner,""
93,EVAINFML,,2024-07-01 08:31:58.06668,2024-07-25 10:06:00.350315,3,93,EVAINFML,0.0121275,0.01155,1.5,2021-11-11,3000-10-10,Ascenda Partner,""
93,IHGREWARDSCLUB,,2024-06-05 05:41:38.911642,2024-07-29 00:24:05.367059,45,93,IHGREWARDSCLUB,0.0074,0.007,1,2021-11-11,3000-10-10,Ascenda Partner,""
93,JALMILEAGEBANK,,2024-06-25 12:57:19.162762,2024-06-25 12:57:19.162762,1,93,JALMILEAGEBANK,0.02,0.019,2.5,2021-11-11,3000-10-10,Ascenda Partner,""
93,KESKYPASS,,2024-06-01 00:28:51.011248,2024-07-30 04:36:08.175989,5644,,,,,,,,,
93,QRPRIVILEGECLUB,,2024-07-12 21:43:56.482319,2024-07-22 21:21:20.113671,4,93,QRPRIVILEGECLUB,0.0147,0.014,2,2021-11-11,3000-10-10,Ascenda Partner,""
93,R42_AFFLYINGBLUE,,2024-06-01 06:04:45.169432,2024-07-30 03:44:03.112341,114,,,,,,,,,
93,R42_CXASIAMILES,,2024-06-02 04:45:02.72071,2024-07-29 22:53:06.591585,128,,,,,,,,,
93,R42_DLSKYMILES,,2024-06-01 03:05:21.50383,2024-07-30 03:36:46.010723,500,,,,,,,,,
93,R42_HHHILTONHONORS,,2024-06-01 00:29:54.909604,2024-07-30 04:36:52.309185,2893,,,,,,,,,
93,R42_MIMARRIOTTBONVOY,,2024-06-01 00:03:35.047649,2024-07-30 04:34:23.213674,955,,,,,,,,,
93,R42_SQKF,,2024-06-01 11:13:30.970795,2024-07-26 23:29:36.92526,70,,,,,,,,,
93,TKMILESANDSMILES,,2024-06-19 05:29:46.33741,2024-07-29 00:47:40.006623,7,93,TKMILESANDSMILES,0,0.0142,0,2024-01-01,3000-10-10,Ascenda Partner,""
93,UAMILEAGEPLUS,,2024-06-16 07:40:52.16366,2024-07-29 02:59:04.110292,8,93,UAMILEAGEPLUS,0.0158025,0.014,2,2021-11-11,3000-10-10,Ascenda Partner,""
93,VNLOTUSMILES,,2024-06-10 02:10:25.201246,2024-06-28 12:15:41.060207,5,93,VNLOTUSMILES,0.011025,0.0105,1.3,2021-11-11,3000-10-10,Ascenda Partner,""
96,ACCORLECLUB,,2024-06-01 18:32:15.953906,2024-07-29 17:57:12.026932,49,96,ACCORLECLUB,0.02055325,0.01838975,10,2022-03-07,3000-10-10,Ascenda Partner,""
96,AFFLYINGBLUE,,2024-06-06 22:27:52.530854,2024-07-26 10:54:53.341619,21,96,AFFLYINGBLUE,0.0132,0.012,6,2022-03-07,3000-10-10,Ascenda Partner,""
96,BAAVIOS,,2024-06-03 15:59:07.942191,2024-07-25 16:48:58.133502,23,96,BAAVIOS,0.014,0.0125,6.4,2024-01-01,3000-10-10,Ascenda Partner,""
96,EKSKYWARDS,,2024-06-01 07:04:41.148033,2024-07-29 22:31:12.07666,171,96,EKSKYWARDS,0.028,0.025,12,2022-03-07,3000-10-10,Ascenda Partner,""
96,ETHGUEST,,2024-06-02 11:05:28.374245,2024-07-16 08:18:01.773647,47,96,ETHGUEST,0.021,0.012,9,2022-03-07,3000-10-10,Ascenda Partner,""
96,IHGREWARDSCLUB,,2024-06-01 11:25:54.431962,2024-07-27 12:12:23.997978,80,96,IHGREWARDSCLUB,0.008,0.007,4,2022-03-07,3000-10-10,Ascenda Partner,""
96,JMJUMEIRAHONE,,2024-07-10 17:28:23.106956,2024-07-10 17:28:23.106956,1,96,JMJUMEIRAHONE,0.021,0.019,9,2022-03-07,3000-10-10,Ascenda Partner,""
96,MIMARRIOTTBONVOY,,2024-06-01 13:12:55.694197,2024-07-29 14:20:06.240834,599,96,MIMARRIOTTBONVOY,0.0112,0.0105,5,2022-03-07,3000-10-10,Ascenda Partner,""
96,QRPRIVILEGECLUB,,2024-06-01 03:37:01.152657,2024-07-29 18:39:20.347138,319,96,QRPRIVILEGECLUB,0.0154,0.014,7,2022-03-07,3000-10-10,Ascenda Partner,""
96,TKMILESANDSMILES,,2024-06-01 18:21:42.846387,2024-07-25 17:12:21.046123,26,96,TKMILESANDSMILES,0.0164,0.0142,8,2024-01-01,3000-10-10,Ascenda Partner,""
97,ACAEROPLAN,,2024-06-01 02:32:01.068378,2024-07-30 04:33:49.699915,789,,,,,,,,,
97,EVAINFML,,2024-06-09 10:28:58.175698,2024-07-24 03:47:24.746549,10,,,,,,,,,
97,NZAIRPOINTS,,2024-06-01 00:34:16.237092,2024-07-30 02:06:27.351142,148,,,,,,,,,
97,SAVOYAGER,,2024-06-24 02:51:52.854748,2024-06-24 02:51:52.854748,1,,,,,,,,,
97,SQKF,,2024-06-01 01:15:25.017856,2024-07-30 04:17:14.1629,1591,,,,,,,,,
97,TGROYALORCHIDPLUS,,2024-06-01 04:29:03.419053,2024-07-27 12:31:16.129056,69,,,,,,,,,
97,UAMILEAGEPLUS,,2024-06-01 09:35:41.712234,2024-07-30 01:23:30.157706,186,,,,,,,,,
98,AABIG,,2024-06-09 02:00:49.462017,2024-07-16 02:00:51.268117,3,98,AABIG,0.0085,0.0058188429,25,2022-10-01,3000-10-10,Ascenda Partner,VISA Card - Earned dollars
98,AFFLYINGBLUE,,2024-06-19 02:00:50.350469,2024-07-06 02:01:04.714302,2,98,AFFLYINGBLUE,0.012,0.0105,35,2022-10-01,3000-10-10,Ascenda Partner,VISA Card - Earned dollars
98,AYFINNAIRPLUS,,2024-06-12 02:00:50.350996,2024-07-17 02:01:01.132939,2,98,AYFINNAIRPLUS,0.0125,0.01,30,2024-05-01,3000-10-10,Ascenda Partner,VISA Card - Earned dollars
98,IHGREWARDSCLUB,,2024-06-01 02:00:59.462908,2024-07-26 02:00:46.755313,41,98,IHGREWARDSCLUB,0.009,0.007,25,2022-10-01,3000-10-10,Ascenda Partner,VISA Card - Earned dollars
98,IHGREWARDSCLUB,,2024-06-01 02:00:59.462908,2024-07-26 02:00:46.755313,41,98,IHGREWARDSCLUB,0.009,0.007,3.2,2022-10-01,3000-10-10,Ascenda Partner,Reward Program - Rewards Points
98,JALMILEAGEBANK,,2024-06-03 02:00:54.608604,2024-07-30 02:00:49.332146,13,98,JALMILEAGEBANK,0.0235,0.019,65,2022-10-01,3000-10-10,Ascenda Partner,VISA Card - Earned dollars
98,QRPRIVILEGECLUB,,2024-07-19 02:00:49.745245,2024-07-19 02:00:49.745245,1,98,QRPRIVILEGECLUB,0.017,0.014,45,2022-10-01,3000-10-10,Ascenda Partner,VISA Card - Earned dollars
98,TGROYALORCHIDPLUS,,2024-06-12 02:00:50.359409,2024-06-12 02:00:50.359409,1,98,TGROYALORCHIDPLUS,0.0155,0.0125,40,2022-10-01,3000-10-10,Ascenda Partner,VISA Card - Earned dollars
98,TKMILESANDSMILES,,2024-06-03 02:00:54.870827,2024-07-16 02:00:51.161867,6,98,TKMILESANDSMILES,0.0172,0.0142,40,2024-01-01,3000-10-10,Ascenda Partner,VISA Card - Earned dollars
98,UAMILEAGEPLUS,,2024-06-03 02:00:54.825311,2024-07-02 02:00:54.33248,2,98,UAMILEAGEPLUS,0.0185,0.014,50,2022-10-01,3000-10-10,Ascenda Partner,VISA Card - Earned dollars
98,VNLOTUSMILES,,2024-07-12 02:00:52.167236,2024-07-12 02:00:52.167236,1,98,VNLOTUSMILES,0.013,0.0105,35,2022-10-01,3000-10-10,Ascenda Partner,VISA Card - Earned dollars
98,WHWYNDHAMREWARDS,,2024-07-06 02:01:04.701395,2024-07-06 02:01:04.701395,1,98,WHWYNDHAMREWARDS,0.015,0.012,40,2022-10-01,3000-10-10,Ascenda Partner,VISA Card - Earned dollars
99,ACCORLECLUB,ocbc,2024-07-01 11:46:41.432009,2024-07-28 09:57:18.166433,5,99,ACCORLECLUB,0.02488025,0.021635,5,2023-03-28,3000-10-10,Ascenda Partner,ocbc
99,AFFLYINGBLUE,ocbc,2024-06-05 09:22:12.904227,2024-07-24 12:18:56.717914,6,99,AFFLYINGBLUE,0.0121,0.011,2.5,2023-03-28,3000-10-10,Ascenda Partner,ocbc
99,AFFLYINGBLUE,travel,2024-06-24 07:48:58.792919,2024-06-24 07:48:58.792919,1,99,AFFLYINGBLUE,0.0121,0.011,1,2023-03-28,3000-10-10,Ascenda Partner,travel
99,AFFLYINGBLUE,voyage,2024-06-05 08:59:05.87297,2024-06-30 10:18:17.986657,2,99,AFFLYINGBLUE,0.0121,0.011,1,2023-03-28,3000-10-10,Ascenda Partner,voyage
99,BAAVIOS,ocbc,2024-06-10 09:12:41.159252,2024-07-19 17:13:19.000331,65,99,BAAVIOS,0.0135,0.0125,2.78,2024-01-01,3000-10-10,Ascenda Partner,ocbc
99,BAAVIOS,travel,2024-07-03 13:39:21.92218,2024-07-10 13:28:02.609136,6,99,BAAVIOS,0.0135,0.0125,1.1,2024-01-01,3000-10-10,Ascenda Partner,travel
99,BAAVIOS,voyage,2024-06-05 17:13:32.05522,2024-07-13 14:19:14.599306,27,99,BAAVIOS,0.0135,0.0125,1.1,2024-01-01,3000-10-10,Ascenda Partner,voyage
99,CXASIAMILES,ocbc,2024-07-03 06:59:16.896472,2024-07-19 00:30:02.332005,2,99,CXASIAMILES,0.0158,0.0132,3.45,2022-10-01,3000-10-10,Ascenda Partner,ocbc
99,CXASIAMILES,travel,2024-06-22 07:13:01.468888,2024-07-09 16:34:59.800682,3,99,CXASIAMILES,0.0158,0.0132,1.3,2022-10-01,3000-10-10,Ascenda Partner,travel
99,CXASIAMILES,voyage,2024-07-09 11:04:32.299736,2024-07-24 05:58:08.341342,2,99,CXASIAMILES,0.0158,0.0132,1.3,2022-10-01,3000-10-10,Ascenda Partner,voyage
99,IHGREWARDSCLUB,ocbc,2024-07-05 07:52:39.956536,2024-07-27 03:13:21.176859,4,99,IHGREWARDSCLUB,0.0084,0.007,2.5,2023-03-28,3000-10-10,Ascenda Partner,ocbc
99,IHGREWARDSCLUB,voyage,2024-06-06 10:48:13.595602,2024-06-06 10:48:13.595602,1,99,IHGREWARDSCLUB,0.0084,0.007,1,2023-03-28,3000-10-10,Ascenda Partner,voyage
99,MIMARRIOTTBONVOY,ocbc,2024-06-24 08:14:05.232151,2024-07-30 04:04:39.359272,47,99,MIMARRIOTTBONVOY,0.0112,0.0105,2.5,2023-03-28,3000-10-10,Ascenda Partner,ocbc
99,MIMARRIOTTBONVOY,travel,2024-06-08 03:02:02.635421,2024-07-22 22:54:16.297728,6,99,MIMARRIOTTBONVOY,0.0112,0.0105,1,2023-03-28,3000-10-10,Ascenda Partner,travel
99,MIMARRIOTTBONVOY,voyage,2024-06-02 06:36:10.493587,2024-07-29 12:27:36.462797,36,99,MIMARRIOTTBONVOY,0.0112,0.0105,1,2023-03-28,3000-10-10,Ascenda Partner,voyage
99,UAMILEAGEPLUS,voyage,2024-07-13 15:37:42.24997,2024-07-13 15:37:42.24997,1,99,UAMILEAGEPLUS,0.0171,0.0145,1.4,2023-03-28,3000-10-10,Ascenda Partner,voyage
100,ACCORLECLUB,,2024-06-01 09:38:54.162708,2024-07-28 17:34:50.31688,354,100,ACCORLECLUB,0.021635,0.01838975,7,2022-11-07,3000-10-10,Ascenda Partner,""
100,BAAVIOS,,2024-06-07 05:01:41.069612,2024-07-17 23:14:38.35775,6,100,BAAVIOS,0.0132,0.0125,5,2024-01-01,3000-10-10,Ascenda Partner,""
100,BNZCASHBACK,,2024-06-01 00:00:00.304445,2024-07-30 04:35:05.389239,64836,,,,,,,,,
100,EKSKYWARDS,,2024-06-01 05:43:41.905727,2024-07-30 03:14:52.608834,74,100,EKSKYWARDS,0.018,0.017,6,2024-01-01,3000-10-10,Ascenda Partner,""
100,FLYBUYS,,2024-06-01 00:00:00.455354,2024-07-30 04:33:55.855939,111427,,,,,,,,,
100,IHGREWARDSCLUB,,2024-06-09 10:21:40.118111,2024-07-26 01:36:43.141597,6,100,IHGREWARDSCLUB,0.008,0.007,3,2022-11-07,3000-10-10,Ascenda Partner,""
100,QFQANTAS,,2024-06-01 02:11:45.629002,2024-07-30 03:52:28.50389,372,100,QFQANTAS,0.01,0.0085,4,2022-11-07,3000-10-10,Ascenda Partner,""
100,QRPRIVILEGECLUB,,2024-06-03 09:03:41.859261,2024-07-22 21:22:07.332085,5,100,QRPRIVILEGECLUB,0.0154,0.014,5,2022-11-07,3000-10-10,Ascenda Partner,""
100,UAMILEAGEPLUS,,2024-06-24 18:02:43.925088,2024-07-27 04:58:15.58206,4,100,UAMILEAGEPLUS,0.0165,0.014,6,2022-11-07,3000-10-10,Ascenda Partner,""
100,WHWYNDHAMREWARDS,,2024-06-09 00:09:44.446781,2024-06-09 00:09:44.446781,1,100,WHWYNDHAMREWARDS,0.0135,0.012,5,2022-11-07,3000-10-10,Ascenda Partner,""
104,MIMARRIOTTBONVOY,,2024-06-01 00:06:48,2024-07-30 03:19:39,2425,104,MIMARRIOTTBONVOY,0.01025,0.01,1,2022-11-01,3000-10-10,Direct Partner,""
119,AFFLYINGBLUE,,2024-06-15 13:56:16.32007,2024-07-27 06:18:32.663032,6,119,AFFLYINGBLUE,0.013,0.012,1.5,2024-03-05,3000-10-10,Ascenda Partner,""
119,BAAVIOS,,2024-06-04 01:37:56.418519,2024-07-18 12:47:40.634513,5,119,BAAVIOS,0.014,0.0125,1.5,2024-03-05,3000-10-10,Ascenda Partner,""
119,MIMARRIOTTBONVOY,,2024-06-11 14:28:22.27229,2024-07-29 14:55:28.207799,20,119,MIMARRIOTTBONVOY,0.0112,0.0105,1.5,2024-03-05,3000-10-10,Ascenda Partner,""
119,QFQANTAS,,2024-07-25 13:05:05.678733,2024-07-25 13:05:05.678733,1,119,QFQANTAS,0.011,0.01,1.5,2024-03-05,3000-10-10,Ascenda Partner,""
119,QRPRIVILEGECLUB,,2024-06-08 19:59:39.090803,2024-06-17 19:20:20.092159,2,119,QRPRIVILEGECLUB,0.015,0.014,1.5,2024-03-05,3000-10-10,Ascenda Partner,""
185,AABIG,,2024-06-17 11:33:25.986495,2024-07-20 04:11:07.604282,4,185,AABIG,0.0066,0.0058188429,1,2023-11-10,3000-10-10,Ascenda Partner,""
185,ACAEROPLAN,,2024-06-04 19:58:35.059631,2024-07-28 07:45:34.624579,25,185,ACAEROPLAN,0.0144357,0.012270345,1,2024-02-27,3000-10-10,Ascenda Partner,""
185,AFFLYINGBLUE,,2024-06-07 00:39:13.050558,2024-07-23 17:24:30.531952,3,185,AFFLYINGBLUE,0.0132,0.011,1,2023-11-10,3000-10-10,Ascenda Partner,""
185,AVLIFEMILES,,2024-06-06 06:55:43.726604,2024-06-18 07:37:29.538159,4,185,AVLIFEMILES,0.015,0.0125,1,2023-11-10,3000-10-10,Ascenda Partner,""
185,BAAVIOS,,2024-06-03 03:41:20.048657,2024-07-21 01:54:30.07935,21,185,BAAVIOS,0.015,0.0125,1.5,2024-01-01,3000-10-10,Ascenda Partner,""
185,ETHGUEST,,2024-06-01 03:26:56.924872,2024-07-17 09:14:27.73181,3,185,ETHGUEST,0.0144,0.012,1,2023-11-10,3000-10-10,Ascenda Partner,""
185,JALMILEAGEBANK,,2024-07-02 01:40:53.495186,2024-07-21 07:24:52.211301,6,185,JALMILEAGEBANK,0.0225,0.019,1.5,2023-11-10,3000-10-10,Ascenda Partner,""
185,QFQANTAS,,2024-06-06 02:36:11.088199,2024-07-25 23:59:48.147249,5,185,QFQANTAS,0.012,0.01,1,2023-11-10,3000-10-10,Ascenda Partner,""
185,QRPRIVILEGECLUB,,2024-06-05 01:43:49.939839,2024-07-25 13:34:44.623405,31,185,QRPRIVILEGECLUB,0.0168,0.014,1.5,2023-11-10,3000-10-10,Ascenda Partner,""
185,SHANGRILA,,2024-06-26 13:32:46.511027,2024-07-05 02:50:06.598494,3,185,SHANGRILA,0.07,0.06,5,2024-05-15,3000-10-10,Ascenda Partner,""
185,TGROYALORCHIDPLUS,,2024-06-03 18:53:44.890471,2024-07-12 16:32:42.734991,4,185,TGROYALORCHIDPLUS,0.015,0.0125,1,2024-02-27,3000-10-10,Ascenda Partner,""
185,TKMILESANDSMILES,,2024-06-14 11:53:37.341199,2024-07-19 22:27:43.311121,3,185,TKMILESANDSMILES,0.017,0.0142,1.5,2024-01-01,3000-10-10,Ascenda Partner,""
185,UKCLUBVISTARA,,2024-07-02 07:21:44.97867,2024-07-02 07:21:44.97867,1,185,UKCLUBVISTARA,0.0175,0.015,1.5,2024-02-27,3000-10-10,Ascenda Partner,""
209,ACAEROPLAN,,2024-07-28 12:28:42.46267,2024-07-28 12:28:42.46267,1,209,ACAEROPLAN,0.0144357,0.012270345,1,2024-02-27,3000-10-10,Ascenda Partner,""
209,QRPRIVILEGECLUB,,2024-06-17 09:24:37.374916,2024-07-11 00:41:33.20387,3,209,QRPRIVILEGECLUB,0.0168,0.014,1.5,2024-01-29,3000-10-10,Ascenda Partner,""
216,ACAEROPLAN,,2024-07-13 14:20:26.786112,2024-07-20 05:51:21.067701,8,216,ACAEROPLAN,0,0.0144357,1,2024-05-07,3000-10-10,Ascenda Partner,""
216,AFFLYINGBLUE,,2024-06-05 16:41:05.666604,2024-06-05 16:44:44.776283,2,216,AFFLYINGBLUE,0,0.0132,1,2024-05-07,3000-10-10,Ascenda Partner,""
216,QRPRIVILEGECLUB,,2024-06-30 09:36:40.597841,2024-07-16 07:36:37.91914,2,216,QRPRIVILEGECLUB,0,0.014,1.5,2024-05-07,3000-10-10,Ascenda Partner,""
221,ACAEROPLAN,Miles,2024-07-08 06:18:59.955796,2024-07-08 06:18:59.955796,1,221,ACAEROPLAN,0.0144357,0.012270345,1,2024-04-24,3000-10-10,Ascenda Partner,""
221,ACCORLECLUB,Traveller,2024-07-04 13:10:04.344847,2024-07-04 13:10:04.344847,1,221,ACCORLECLUB,0.0237985,0.021635,2,2024-04-24,3000-10-10,Ascenda Partner,""
221,IHGREWARDSCLUB,Travel Credits,2024-06-26 10:10:25.906138,2024-06-26 10:10:25.906138,1,221,IHGREWARDSCLUB,0.0084,0.007,1,2024-04-24,3000-10-10,Ascenda Partner,""
221,IHGREWARDSCLUB,Traveller,2024-07-04 12:39:36.233812,2024-07-04 12:39:36.233812,1,221,IHGREWARDSCLUB,0.0084,0.007,1,2024-04-24,3000-10-10,Ascenda Partner,""
221,QFQANTAS,Miles,2024-07-08 11:33:19.290693,2024-07-08 11:33:19.290693,1,221,QFQANTAS,0.012,0.01,1,2024-04-24,3000-10-10,Ascenda Partner,""
221,QFQANTAS,Travel Credits,2024-06-26 10:12:25.232669,2024-06-26 10:12:25.232669,1,221,QFQANTAS,0.012,0.01,1,2024-04-24,3000-10-10,Ascenda Partner,""
224,QFQANTAS,,2024-06-05 18:27:52.299586,2024-06-25 15:39:33.605796,5,,,,,,,,,
224,TKMILESANDSMILES,,2024-06-04 14:49:37.805482,2024-07-03 08:39:02.226265,10,,,,,,,,,
224,TPMILESANDGO,,2024-06-01 16:31:17.944754,2024-07-03 18:11:40.512051,25,,,,,,,,,
